Last Update,Bitcoin Value,Bitcoin Volatility 5:1,Bitcoin Volatility 5:1 mean,Bitcoin Volatility 5:1 std,Bitcoin Volatility 5:8,Bitcoin Volatility 5:8 mean,Bitcoin Volatility 5:8 std,Bitcoin Volatility 5:24,Bitcoin Volatility 5:24 mean,Bitcoin Volatility 5:24 std,Bitcoin Volatility 30:8,Bitcoin Volatility 30:8 mean,Bitcoin Volatility 30:8 std,Bitcoin Volatility 30:24,Bitcoin Volatility 30:24 mean,Bitcoin Volatility 30:24 std,Bitcoin Volatility 30:168,Bitcoin Volatility 30:168 mean,Bitcoin Volatility 30:168 std,Doge Value,Doge Volatility 5:1,Doge Volatility 5:1 mean,Doge Volatility 5:1 std,Doge Volatility 5:8,Doge Volatility 5:8 mean,Doge Volatility 5:8 std,Doge Volatility 5:24,Doge Volatility 5:24 mean,Doge Volatility 5:24 std,Doge Volatility 30:8,Doge Volatility 30:8 mean,Doge Volatility 30:8 std,Doge Volatility 30:24,Doge Volatility 30:24 mean,Doge Volatility 30:24 std,Doge Volatility 30:168,Doge Volatility 30:168 mean,Doge Volatility 30:168 std
2024-12-23 11:35:02,93739.0,,,,,,,,,,,,,,,,,,,0.314347,,,,,,,,,,,,,,,,,,
2024-12-23 11:40:02,93489.0,250.0,250.0,,250.0,250.0,,250.0,250.0,,,,,,,,,,,0.312978,0.001369000000000009,0.001369000000000009,,0.001369000000000009,0.001369000000000009,,0.001369000000000009,0.001369000000000009,,,,,,,,,,
2024-12-23 11:45:02,93489.0,0.0,125.0,176.7766952966369,0.0,125.0,176.7766952966369,0.0,125.0,176.7766952966369,,,,,,,,,,0.312978,0.0,0.0006845000000000045,0.00096802918344439,0.0,0.0006845000000000045,0.00096802918344439,0.0,0.0006845000000000045,0.00096802918344439,,,,,,,,,
2024-12-23 11:50:02,93214.0,275.0,175.0,152.0690632574555,275.0,175.0,152.0690632574555,275.0,175.0,152.0690632574555,,,,,,,,,,0.311602,0.0013759999999999883,0.0009149999999999991,0.0007924209739778465,0.0013759999999999883,0.0009149999999999991,0.0007924209739778465,0.0013759999999999883,0.0009149999999999991,0.0007924209739778465,,,,,,,,,
2024-12-23 11:55:01,93214.0,0.0,131.25,151.89771777965154,0.0,131.25,151.89771777965154,0.0,131.25,151.89771777965154,,,,,,,,,,0.311602,0.0,0.0006862499999999994,0.0007924183974811951,0.0,0.0006862499999999994,0.0007924183974811951,0.0,0.0006862499999999994,0.0007924183974811951,,,,,,,,,
2024-12-23 12:00:02,93325.0,111.0,127.2,131.8586364255296,111.0,127.2,131.8586364255296,111.0,127.2,131.8586364255296,,,,,,,,,,0.311367,0.00023499999999998522,0.0005959999999999965,0.0007153114706196187,0.00023499999999998522,0.0005959999999999965,0.0007153114706196187,0.00023499999999998522,0.0005959999999999965,0.0007153114706196187,,,,,,,,,
2024-12-23 12:05:02,93325.0,0.0,106.0,128.8642696793801,0.0,106.0,128.8642696793801,0.0,106.0,128.8642696793801,525.0,525.0,,525.0,525.0,,525.0,525.0,,0.311367,0.0,0.0004966666666666638,0.0006844991356215633,0.0,0.0004966666666666638,0.0006844991356215633,0.0,0.0004966666666666638,0.0006844991356215633,0.0029799999999999827,0.0029799999999999827,,0.0029799999999999827,0.0029799999999999827,,0.0029799999999999827,0.0029799999999999827,
2024-12-23 12:10:02,93472.0,147.0,111.85714285714286,118.65275466872309,147.0,111.85714285714286,118.65275466872309,147.0,111.85714285714286,118.65275466872309,275.0,400.0,176.7766952966369,275.0,400.0,176.7766952966369,275.0,400.0,176.7766952966369,0.31155,0.00018299999999998873,0.0004518571428571388,0.0006360066636368502,0.00018299999999998873,0.0004518571428571388,0.0006360066636368502,0.00018299999999998873,0.0004518571428571388,0.0006360066636368502,0.0016109999999999736,0.002295499999999978,0.00096802918344439,0.0016109999999999736,0.002295499999999978,0.00096802918344439,0.0016109999999999736,0.002295499999999978,0.00096802918344439
2024-12-23 12:15:02,93472.0,0.0,97.875,116.75302076238908,0.0,97.875,116.75302076238908,0.0,97.875,116.75302076238908,275.0,358.3333333333333,144.33756729740645,275.0,358.3333333333333,144.33756729740645,275.0,358.3333333333333,144.33756729740645,0.31155,0.0,0.0003953749999999964,0.0006101147286722865,0.0,0.0003953749999999964,0.0006101147286722865,0.0,0.0003953749999999964,0.0006101147286722865,0.0016109999999999736,0.00206733333333331,0.000790392518520603,0.0016109999999999736,0.00206733333333331,0.000790392518520603,0.0016109999999999736,0.00206733333333331,0.000790392518520603
2024-12-23 12:20:02,93287.0,185.0,107.55555555555556,113.00786599957446,185.0,107.55555555555556,113.00786599957446,185.0,107.55555555555556,113.00786599957446,258.0,333.25,128.08428214786284,258.0,333.25,128.08428214786284,258.0,333.25,128.08428214786284,0.311374,0.00017600000000000948,0.00037099999999999785,0.0005753757467950834,0.00017600000000000948,0.00037099999999999785,0.0005753757467950834,0.00017600000000000948,0.00037099999999999785,0.0005753757467950834,0.00023499999999998522,0.0016092499999999788,0.001120643379194885,0.00023499999999998522,0.0016092499999999788,0.001120643379194885,0.00023499999999998522,0.0016092499999999788,0.001120643379194885
2024-12-23 12:25:02,93287.0,0.0,96.8,111.84195197787913,0.0,96.8,111.84195197787913,0.0,96.8,111.84195197787913,258.0,318.2,115.91678049359376,258.0,318.2,115.91678049359376,258.0,318.2,115.91678049359376,0.311374,0.0,0.0003338999999999981,0.0005550110008919741,0.0,0.0003338999999999981,0.0005550110008919741,0.0,0.0003338999999999981,0.0005550110008919741,0.00023499999999998522,0.00133439999999998,0.0011487357398461992,0.00023499999999998522,0.00133439999999998,0.0011487357398461992,0.00023499999999998522,0.00133439999999998,0.0011487357398461992
2024-12-23 12:30:02,93160.0,127.0,99.54545454545455,106.49259470626457,127.0,99.54545454545455,106.49259470626457,127.0,99.54545454545455,106.49259470626457,312.0,317.1666666666667,103.71001237424797,312.0,317.1666666666667,103.71001237424797,312.0,317.1666666666667,103.71001237424797,0.31175,0.00037600000000004297,0.0003377272727272749,0.0005266826541493638,0.00037600000000004297,0.0003377272727272749,0.0005266826541493638,0.00037600000000004297,0.0003377272727272749,0.0005266826541493638,0.0003830000000000222,0.0011758333333333204,0.0010984240377316264,0.0003830000000000222,0.0011758333333333204,0.0010984240377316264,0.0003830000000000222,0.0011758333333333204,0.0010984240377316264
2024-12-23 12:35:01,93160.0,0.0,91.25,105.52477089635055,0.0,91.25,105.52477089635055,0.0,91.25,105.52477089635055,312.0,316.42857142857144,94.69399337314053,312.0,316.42857142857144,94.69399337314053,312.0,316.42857142857144,94.69399337314053,0.31175,0.0,0.0003095833333333353,0.0005115485329029415,0.0,0.0003095833333333353,0.0005115485329029415,0.0,0.0003095833333333353,0.0005115485329029415,0.0003830000000000222,0.0010625714285714208,0.0010465390352877096,0.0003830000000000222,0.0010625714285714208,0.0010465390352877096,0.0003830000000000222,0.0010625714285714208,0.0010465390352877096
2024-12-23 12:40:02,93148.0,12.0,85.15384615384616,103.3955561213393,12.0,85.15384615384616,103.3955561213393,12.0,85.15384615384616,103.3955561213393,324.0,317.375,87.71046117767253,324.0,317.375,87.71046117767253,324.0,317.375,87.71046117767253,0.311264,0.00048600000000004195,0.0003231538461538512,0.0004922084325015596,0.00048600000000004195,0.0003231538461538512,0.0004922084325015596,0.00048600000000004195,0.0003231538461538512,0.0004922084325015596,0.00048600000000004195,0.0009904999999999983,0.0009901186076136691,0.00048600000000004195,0.0009904999999999983,0.0009901186076136691,0.00048600000000004195,0.0009904999999999983,0.0009901186076136691
2024-12-23 12:45:02,93148.0,0.0,65.92307692307692,92.89641322324339,0.0,79.07142857142857,101.91283174716162,0.0,79.07142857142857,101.91283174716162,324.0,318.1111111111111,82.0753380200844,324.0,318.1111111111111,82.0753380200844,324.0,318.1111111111111,82.0753380200844,0.311264,0.0,0.0002178461538461582,0.0003844582435397136,0.0,0.0003000714285714333,0.0004807205272034123,0.0,0.0003000714285714333,0.0004807205272034123,0.00048600000000004195,0.0009344444444444476,0.0009413145211765031,0.00048600000000004195,0.0009344444444444476,0.0009413145211765031,0.00048600000000004195,0.0009344444444444476,0.0009413145211765031
2024-12-23 12:50:02,92870.0,278.0,87.3076923076923,107.33233794728767,278.0,92.33333333333333,110.82654830645865,278.0,92.33333333333333,110.82654830645865,417.0,328.0,83.46123518003898,417.0,328.0,83.46123518003898,417.0,328.0,83.46123518003898,0.310418,0.0008459999999999579,0.00028292307692307807,0.00041490590530433093,0.0008459999999999579,0.00033646666666666827,0.00048420536768527885,0.0008459999999999579,0.00033646666666666827,0.00048420536768527885,0.0013319999999999999,0.0009742000000000029,0.0008963400644348583,0.0013319999999999999,0.0009742000000000029,0.0008963400644348583,0.0013319999999999999,0.0009742000000000029,0.0008963400644348583
2024-12-23 12:55:02,92870.0,0.0,66.15384615384616,93.46108473035372,0.0,86.5625,109.52866824108959,0.0,86.5625,109.52866824108959,417.0,336.09090909090907,83.6019790979311,417.0,336.09090909090907,83.6019790979311,417.0,336.09090909090907,83.6019790979311,0.310418,0.0,0.0001770769230769251,0.00025906030878878824,0.0,0.0003154375000000015,0.00047528952141475284,0.0,0.0003154375000000015,0.00047528952141475284,0.0013319999999999999,0.0010067272727272752,0.0008571588056957678,0.0013319999999999999,0.0010067272727272752,0.0008571588056957678,0.0013319999999999999,0.0010067272727272752,0.0008571588056957678
2024-12-23 13:00:02,92615.0,255.0,85.76923076923077,104.52444199496583,255.0,96.47058823529412,113.6469960266542,255.0,96.47058823529412,113.6469960266542,545.0,353.5,99.95408036602699,545.0,353.5,99.95408036602699,545.0,353.5,99.95408036602699,0.309314,0.0011040000000000494,0.0002620000000000058,0.00035816918720999987,0.0011040000000000494,0.00036182352941176903,0.0004983569548142851,0.0011040000000000494,0.00036182352941176903,0.0004983569548142851,0.0024360000000000492,0.0011258333333333398,0.0009155126565167815,0.0024360000000000492,0.0011258333333333398,0.0009155126565167815,0.0024360000000000492,0.0011258333333333398,0.0009155126565167815
2024-12-23 13:05:02,92615.0,0.0,77.23076923076923,106.80055699461016,0.0,91.11111111111111,112.57410050529013,0.0,91.11111111111111,112.57410050529013,545.0,368.2307692307692,109.44949660776109,545.0,368.2307692307692,109.44949660776109,545.0,368.2307692307692,109.44949660776109,0.309314,0.0,0.00024392307692308387,0.00036550067522475127,0.0,0.0003417222222222263,0.0004909413293754068,0.0,0.0003417222222222263,0.0004909413293754068,0.0024360000000000492,0.0012266153846153943,0.0009488718335003185,0.0024360000000000492,0.0012266153846153943,0.0009488718335003185,0.0024360000000000492,0.0012266153846153943,0.0009488718335003185
2024-12-23 13:10:02,92625.0,10.0,78.0,106.23244953089115,10.0,86.84210526315789,110.97360204515844,10.0,86.84210526315789,110.97360204515844,533.0,380.0,114.00404851110804,533.0,380.0,114.00404851110804,533.0,380.0,114.00404851110804,0.310383,0.0010690000000000421,0.0003261538461538563,0.00042194368624140337,0.0010690000000000421,0.00038000000000000604,0.0005054421606650787,0.0010690000000000421,0.00038000000000000604,0.0005054421606650787,0.0019500000000000073,0.0012782857142857238,0.0009319211281063373,0.0019500000000000073,0.0012782857142857238,0.0009319211281063373,0.0019500000000000073,0.0012782857142857238,0.0009319211281063373
2024-12-23 13:15:02,92625.0,0.0,66.6923076923077,106.09931245094901,0.0,82.5,109.74539913626879,0.0,82.5,109.74539913626879,533.0,390.2,116.74404236864264,533.0,390.2,116.74404236864264,533.0,390.2,116.74404236864264,0.310383,0.0,0.0003120769230769341,0.00043009155256730296,0.0,0.00036100000000000574,0.000499245325202798,0.0,0.00036100000000000574,0.000499245325202798,0.0019500000000000073,0.001323066666666676,0.0009146162713452692,0.0019500000000000073,0.001323066666666676,0.0009146162713452692,0.0019500000000000073,0.001323066666666676,0.0009146162713452692
2024-12-23 13:20:02,93319.0,694.0,120.07692307692308,201.47434143436294,694.0,111.61904761904762,171.02089819389798,694.0,111.61904761904762,171.02089819389798,704.0,409.8125,137.3861801637996,704.0,409.8125,137.3861801637996,704.0,409.8125,137.3861801637996,0.313869,0.003485999999999989,0.0005802307692307795,0.0009687344109581102,0.003485999999999989,0.0005098095238095288,0.0008377430166254818,0.003485999999999989,0.0005098095238095288,0.0008377430166254818,0.004555000000000031,0.0015250625000000108,0.001197326937738119,0.004555000000000031,0.0015250625000000108,0.001197326937738119,0.004555000000000031,0.0015250625000000108,0.001197326937738119
2024-12-23 13:25:01,93319.0,0.0,105.84615384615384,203.03400624601707,0.0,106.54545454545455,168.5873314092382,0.0,106.54545454545455,168.5873314092382,704.0,427.11764705882354,150.95110232826275,704.0,427.11764705882354,150.95110232826275,704.0,427.11764705882354,150.95110232826275,0.313869,0.0,0.0005666923076923172,0.0009760566398025081,0.0,0.0004866363636363684,0.0008247469768102071,0.0,0.0004866363636363684,0.0008247469768102071,0.004555000000000031,0.0017032941176470708,0.0013725971625310356,0.004555000000000031,0.0017032941176470708,0.0013725971625310356,0.004555000000000031,0.0017032941176470708,0.0013725971625310356
2024-12-23 13:30:01,93605.0,286.0,127.84615384615384,206.08123242783262,286.0,114.34782608695652,168.90815381999022,286.0,114.34782608695652,168.90815381999022,990.0,458.3888888888889,197.60541159798854,990.0,458.3888888888889,197.60541159798854,990.0,458.3888888888889,197.60541159798854,0.3163,0.0024310000000000165,0.0007536923076923185,0.0010852090723769453,0.0024310000000000165,0.0005711739130434835,0.0009020314775889293,0.0024310000000000165,0.0005711739130434835,0.0009020314775889293,0.006986000000000048,0.0019967777777777918,0.0018230704725030389,0.006986000000000048,0.0019967777777777918,0.0018230704725030389,0.006986000000000048,0.0019967777777777918,0.0018230704725030389
2024-12-23 13:35:01,93605.0,0.0,118.07692307692308,209.11259388921778,0.0,109.58333333333333,166.83626877783544,0.0,109.58333333333333,166.83626877783544,990.0,486.36842105263156,227.49242002666955,990.0,486.36842105263156,227.49242002666955,990.0,486.36842105263156,227.49242002666955,0.3163,0.0,0.0007247692307692382,0.001101009775452075,0.0,0.000547375000000005,0.0008898750187037763,0.0,0.000547375000000005,0.0008898750187037763,0.006986000000000048,0.0022593684210526475,0.002109280767637442,0.006986000000000048,0.0022593684210526475,0.002109280767637442,0.006986000000000048,0.0022593684210526475,0.002109280767637442
2024-12-23 13:40:02,93377.0,228.0,135.6153846153846,207.94211472648604,228.0,114.32,165.03174442108607,228.0,114.32,165.03174442108607,980.0,511.05,247.4117546031099,980.0,511.05,247.4117546031099,980.0,511.05,247.4117546031099,0.316504,0.00020399999999998197,0.0007404615384615445,0.001091229399605833,0.00020399999999998197,0.0005336400000000041,0.0008738414654081538,0.00020399999999998197,0.0005336400000000041,0.0008738414654081538,0.0061209999999999876,0.0024524500000000144,0.0022272211261428173,0.0061209999999999876,0.0024524500000000144,0.0022272211261428173,0.0061209999999999876,0.0024524500000000144,0.0022272211261428173
2024-12-23 13:45:02,93377.0,0.0,134.69230769230768,208.5622946968861,0.0,109.92307692307692,163.24433786858842,0.0,109.92307692307692,163.24433786858842,980.0,533.3809523809524,261.96192016979796,980.0,533.3809523809524,261.96192016979796,980.0,533.3809523809524,261.96192016979796,0.316504,0.0,0.000703076923076926,0.0011088561269418213,0.0,0.0005131153846153886,0.0008625588131564416,0.0,0.0005131153846153886,0.0008625588131564416,0.0061209999999999876,0.0026271428571428704,0.0023137324237196173,0.0061209999999999876,0.0026271428571428704,0.0023137324237196173,0.0061209999999999876,0.0026271428571428704,0.0023137324237196173
2024-12-23 13:50:02,93132.0,245.0,153.53846153846155,206.43546828028988,245.0,114.92592592592592,162.1713068441294,245.0,114.92592592592592,162.1713068441294,473.0,530.6363636363636,255.972570229618,473.0,530.6363636363636,255.972570229618,473.0,530.6363636363636,255.972570229618,0.315532,0.0009720000000000284,0.0007778461538461589,0.0010901096921987472,0.0009720000000000284,0.000530111111111116,0.0008504064337504194,0.0009720000000000284,0.000530111111111116,0.0008504064337504194,0.0026349999999999985,0.002627500000000012,0.0022579722624725186,0.0026349999999999985,0.002627500000000012,0.0022579722624725186,0.0026349999999999985,0.002627500000000012,0.0022579722624725186
2024-12-23 13:55:02,93132.0,0.0,132.15384615384616,206.86664228992478,0.0,110.82142857142857,160.61503402060205,0.0,110.82142857142857,160.61503402060205,473.0,528.1304347826087,250.3759544706222,473.0,528.1304347826087,250.3759544706222,473.0,528.1304347826087,250.3759544706222,0.315532,0.0,0.000712769230769239,0.0011107585361549257,0.0,0.0005111785714285762,0.0008405013959303403,0.0,0.0005111785714285762,0.0008405013959303403,0.0026349999999999985,0.0026278260869565333,0.0022060584689394497,0.0026349999999999985,0.0026278260869565333,0.0022060584689394497,0.0026349999999999985,0.0026278260869565333,0.0022060584689394497
2024-12-23 14:00:02,92912.0,220.0,149.07692307692307,204.13535605020408,220.0,114.58620689655173,159.0185337898383,220.0,114.58620689655173,159.0185337898383,693.0,535.0,247.1742916137975,693.0,535.0,247.1742916137975,693.0,535.0,247.1742916137975,0.314935,0.0005969999999999587,0.0007586923076923128,0.0010909995710826712,0.0005969999999999587,0.0005141379310344858,0.0008255098305263057,0.0005969999999999587,0.0005141379310344858,0.0008255098305263057,0.001568999999999987,0.002583708333333344,0.002168366114585838,0.001568999999999987,0.002583708333333344,0.002168366114585838,0.001568999999999987,0.002583708333333344,0.002168366114585838
2024-12-23 14:05:02,92912.0,0.0,129.46153846153845,205.35685013516326,0.0,110.76666666666667,157.6470705423184,0.0,110.76666666666667,157.6470705423184,693.0,541.32,244.02471186336848,693.0,541.32,244.02471186336848,693.0,541.32,244.02471186336848,0.314935,0.0,0.000673769230769232,0.0011047617506236497,0.0,0.000497000000000003,0.000816565304523605,0.0,0.000497000000000003,0.000816565304523605,0.001568999999999987,0.00254312000000001,0.0021323902339862714,0.001568999999999987,0.00254312000000001,0.0021323902339862714,0.001568999999999987,0.00254312000000001,0.0021323902339862714
2024-12-23 14:10:02,92939.0,27.0,131.53846153846155,204.0709089935062,27.0,108.06451612903226,155.72581363492074,27.0,108.06451612903226,155.72581363492074,465.0,538.3846153846154,239.56244729474227,465.0,538.3846153846154,239.56244729474227,465.0,538.3846153846154,239.56244729474227,0.315789,0.0008539999999999659,0.0007394615384615371,0.001086600172969543,0.0008539999999999659,0.0005085161290322599,0.000805396915438501,0.0008539999999999659,0.0005085161290322599,0.000805396915438501,0.001568999999999987,0.002505653846153855,0.002098023144625588,0.001568999999999987,0.002505653846153855,0.002098023144625588,0.001568999999999987,0.002505653846153855,0.002098023144625588
2024-12-23 14:15:02,92939.0,0.0,130.76923076923077,204.58541567690577,0.0,104.6875,154.38001656992085,0.0,104.6875,154.38001656992085,465.0,535.6666666666666,235.33445921136942,465.0,535.6666666666666,235.33445921136942,465.0,535.6666666666666,235.33445921136942,0.315789,0.0,0.0006572307692307647,0.0010999508438900173,0.0,0.0004926250000000017,0.0007973834933605495,0.0,0.0004926250000000017,0.0007973834933605495,0.001568999999999987,0.0024709629629629712,0.0020651630124051456,0.001568999999999987,0.0024709629629629712,0.0020651630124051456,0.001568999999999987,0.0024709629629629712,0.0020651630124051456
2024-12-23 14:20:03,92512.0,427.0,163.6153846153846,215.81030963230126,427.0,114.45454545454545,161.97667480788147,427.0,114.45454545454545,161.97667480788147,620.0,538.6785714285714,231.48458929130697,620.0,538.6785714285714,231.48458929130697,620.0,538.6785714285714,231.48458929130697,0.315757,3.199999999997649e-05,0.0006596923076923014,0.001098392187443038,3.199999999997649e-05,0.00047866666666666766,0.0007889110242395336,3.199999999997649e-05,0.00047866666666666766,0.0007889110242395336,0.0008539999999999659,0.0024132142857142924,0.002049467380802528,0.0008539999999999659,0.0024132142857142924,0.002049467380802528,0.0008539999999999659,0.0024132142857142924,0.002049467380802528
2024-12-23 14:25:02,92512.0,0.0,110.23076923076923,149.24875981961227,0.0,111.08823529411765,160.70684163502995,0.0,111.08823529411765,160.70684163502995,620.0,541.4827586206897,227.81440138374157,620.0,541.4827586206897,227.81440138374157,620.0,541.4827586206897,227.81440138374157,0.315757,0.0,0.000391538461538456,0.0007065160549466955,0.0,0.0004645882352941186,0.0007811910532485523,0.0,0.0004645882352941186,0.0007811910532485523,0.0008539999999999659,0.002359448275862074,0.0020332579694774056,0.0008539999999999659,0.002359448275862074,0.0020332579694774056,0.0008539999999999659,0.002359448275862074,0.0020332579694774056
2024-12-23 14:30:02,92904.0,392.0,140.3846153846154,163.99315964471327,392.0,119.11428571428571,165.2927476841461,392.0,119.11428571428571,165.2927476841461,427.0,537.6666666666666,224.82580741133992,427.0,537.6666666666666,224.82580741133992,427.0,537.6666666666666,224.82580741133992,0.318661,0.0029040000000000177,0.0006149230769230727,0.000978963351504927,0.0029040000000000177,0.0005342857142857158,0.000873115974084592,0.0029040000000000177,0.0005342857142857158,0.000873115974084592,0.003726000000000007,0.0024050000000000052,0.0020134125945424353,0.003726000000000007,0.0024050000000000052,0.0020134125945424353,0.003726000000000007,0.0024050000000000052,0.0020134125945424353
2024-12-23 14:35:02,92904.0,0.0,118.38461538461539,162.002334582735,0.0,115.80555555555556,164.11943724781563,0.0,115.80555555555556,164.11943724781563,427.0,534.0967741935484,221.9387835776207,427.0,534.0967741935484,221.9387835776207,427.0,534.0967741935484,221.9387835776207,0.318661,0.0,0.00042792307692307146,0.0008228927088365887,0.0,0.0005194444444444459,0.0008651474339901193,0.0,0.0005194444444444459,0.0008651474339901193,0.003726000000000007,0.002447612903225812,0.001993738760510344,0.003726000000000007,0.002447612903225812,0.001993738760510344,0.003726000000000007,0.002447612903225812,0.001993738760510344
2024-12-23 14:40:02,92879.0,25.0,120.3076923076923,160.62242714690902,25.0,113.35135135135135,162.5110622245309,25.0,113.35135135135135,162.5110622245309,427.0,530.75,219.14908756516684,427.0,530.75,219.14908756516684,427.0,530.75,219.14908756516684,0.320056,0.0013949999999999796,0.0005352307692307622,0.0008528508226184885,0.0013949999999999796,0.0005431081081081089,0.0008651056706098541,0.0013949999999999796,0.0005431081081081089,0.0008651056706098541,0.004298999999999997,0.002505468750000005,0.0019884371231045635,0.004298999999999997,0.002505468750000005,0.0019884371231045635,0.004298999999999997,0.002505468750000005,0.0019884371231045635
2024-12-23 14:45:02,92879.0,0.0,102.76923076923077,160.33098777536935,0.0,110.36842105263158,161.35112308801533,0.0,110.36842105263158,161.35112308801533,427.0,527.6060606060606,216.4524975880879,427.0,527.6060606060606,216.4524975880879,427.0,527.6060606060606,216.4524975880879,0.320056,0.0,0.0005195384615384559,0.0008612883388065278,0.0,0.000528815789473685,0.0008578711191322714,0.0,0.000528815789473685,0.0008578711191322714,0.004298999999999997,0.0025598181818181865,0.0019818680022668307,0.004298999999999997,0.0025598181818181865,0.0019818680022668307,0.004298999999999997,0.0025598181818181865,0.0019818680022668307
2024-12-23 14:50:02,93018.0,139.0,113.46153846153847,157.5164623061218,139.0,111.1025641025641,159.279924871079,139.0,111.1025641025641,159.279924871079,506.0,526.9705882352941,213.1798906449693,506.0,526.9705882352941,213.1798906449693,506.0,526.9705882352941,213.1798906449693,0.320242,0.00018600000000001948,0.0005338461538461497,0.000853447796309561,0.00018600000000001948,0.0005200256410256423,0.0008482861200270242,0.00018600000000001948,0.0005200256410256423,0.0008482861200270242,0.004485000000000017,0.0026164411764705935,0.0019793398071560483,0.004485000000000017,0.0026164411764705935,0.0019793398071560483,0.004485000000000017,0.0026164411764705935,0.0019793398071560483
2024-12-23 14:55:02,93018.0,0.0,94.61538461538461,155.10509257787038,0.0,108.325,158.20295104058178,0.0,108.325,158.20295104058178,506.0,526.3714285714286,210.05140627310954,506.0,526.3714285714286,210.05140627310954,506.0,526.3714285714286,210.05140627310954,0.320242,0.0,0.00045907692307691676,0.0008544401150791153,0.0,0.0005070250000000012,0.0008413673391325443,0.0,0.0005070250000000012,0.0008413673391325443,0.004485000000000017,0.002669828571428577,0.0019754276898897674,0.004485000000000017,0.002669828571428577,0.0019754276898897674,0.004485000000000017,0.002669828571428577,0.0019754276898897674
2024-12-23 15:00:02,93347.0,329.0,119.92307692307692,164.91132038081435,329.0,113.70731707317073,159.96941018557877,329.0,113.70731707317073,159.96941018557877,468.0,524.75,207.25737967216375,468.0,524.75,207.25737967216375,468.0,524.75,207.25737967216375,0.32214,0.0018979999999999553,0.0006050769230769133,0.0009284150886985147,0.0018979999999999553,0.0005409512195121952,0.0008587153472257123,0.0018979999999999553,0.0005409512195121952,0.0008587153472257123,0.0034789999999999544,0.0026923055555555598,0.00195166789943437,0.0034789999999999544,0.0026923055555555598,0.00195166789943437,0.0034789999999999544,0.0026923055555555598,0.00195166789943437
2024-12-23 15:05:02,93347.0,0.0,103.0,165.07372090473194,0.0,111.0,158.97767905911945,0.0,111.0,158.97767905911945,468.0,523.2162162162163,204.57138595598352,468.0,523.2162162162163,204.57138595598352,468.0,523.2162162162163,204.57138595598352,0.32214,0.0,0.0005591538461538395,0.0009434904915749288,0.0,0.0005280714285714286,0.0008522759026780673,0.0,0.0005280714285714286,0.0008522759026780673,0.0034789999999999544,0.0027135675675675703,0.001928711624382985,0.0034789999999999544,0.0027135675675675703,0.001928711624382985,0.0034789999999999544,0.0027135675675675703,0.001928711624382985
2024-12-23 15:10:02,93864.0,517.0,142.76923076923077,197.3191804522788,517.0,120.44186046511628,168.8358321150462,517.0,120.44186046511628,168.8358321150462,985.0,535.3684210526316,215.24422597053737,985.0,535.3684210526316,215.24422597053737,985.0,535.3684210526316,215.24422597053737,0.326847,0.004707000000000017,0.0009212307692307639,0.0014682691144022955,0.004707000000000017,0.0006252558139534888,0.0010560332357013545,0.004707000000000017,0.0006252558139534888,0.0010560332357013545,0.0067909999999999915,0.002820868421052634,0.00201417524092071,0.0067909999999999915,0.002820868421052634,0.00201417524092071,0.0067909999999999915,0.002820868421052634,0.00201417524092071
2024-12-23 15:15:01,93864.0,0.0,140.69230769230768,198.77599813835027,0.0,117.70454545454545,167.84607837352047,0.0,117.70454545454545,167.84607837352047,985.0,546.8974358974359,224.2647395697884,985.0,546.8974358974359,224.2647395697884,985.0,546.8974358974359,224.2647395697884,0.326847,0.0,0.0008555384615384589,0.0014904645593116633,0.0,0.000611045454545455,0.001047929519078266,0.0,0.000611045454545455,0.001047929519078266,0.0067909999999999915,0.002922666666666669,0.0020866944564037117,0.0067909999999999915,0.002922666666666669,0.0020866944564037117,0.0067909999999999915,0.002922666666666669,0.0020866944564037117
2024-12-23 15:20:01,94057.0,193.0,155.53846153846155,194.5548831669423,193.0,119.37777777777778,166.30698461373512,193.0,119.37777777777778,166.30698461373512,1039.0,559.2,234.64694701527597,1039.0,559.2,234.64694701527597,1039.0,559.2,234.64694701527597,0.326669,0.00017800000000001148,0.0008692307692307674,0.0014827477394939322,0.00017800000000001148,0.0006014222222222229,0.0010379621750177988,0.00017800000000001148,0.0006014222222222229,0.0010379621750177988,0.006604999999999972,0.0030147250000000015,0.0021404753364674986,0.006604999999999972,0.0030147250000000015,0.0021404753364674986,0.006604999999999972,0.0030147250000000015,0.0021404753364674986
2024-12-23 15:25:01,94057.0,0.0,122.6923076923077,180.4380709160277,0.0,116.78260869565217,165.38801690347975,0.0,116.78260869565217,165.38801690347975,1039.0,570.9024390243902,243.51086268152892,1039.0,570.9024390243902,243.51086268152892,1039.0,570.9024390243902,243.51086268152892,0.326669,0.0,0.0008667692307692307,0.001484279238881405,0.0,0.0005883478260869572,0.0010301879702783775,0.0,0.0005883478260869572,0.0010301879702783775,0.006604999999999972,0.00310229268292683,0.002186660893278866,0.006604999999999972,0.00310229268292683,0.002186660893278866,0.006604999999999972,0.00310229268292683,0.002186660893278866
2024-12-23 15:30:02,94127.0,70.0,128.07692307692307,177.49200054202515,70.0,115.7872340425532,163.72271577143613,70.0,115.7872340425532,163.72271577143613,780.0,575.8809523809524,242.67726258279865,780.0,575.8809523809524,242.67726258279865,780.0,575.8809523809524,242.67726258279865,0.327653,0.0009840000000000404,0.0009424615384615415,0.0014613062430228099,0.0009840000000000404,0.0005967659574468101,0.0010205618276387307,0.0009840000000000404,0.0005967659574468101,0.0010205618276387307,0.005513000000000046,0.003159690476190478,0.0021916280560361186,0.005513000000000046,0.003159690476190478,0.0021916280560361186,0.005513000000000046,0.003159690476190478,0.0021916280560361186
2024-12-23 15:35:02,94127.0,0.0,97.92307692307692,161.4953361238138,0.0,113.375,162.83154394074774,0.0,113.375,162.83154394074774,780.0,580.6279069767442,241.78296281462784,780.0,580.6279069767442,241.78296281462784,780.0,580.6279069767442,241.78296281462784,0.327653,0.0,0.0007190769230769248,0.0013545258371805767,0.0,0.0005843333333333348,0.0010133139929098748,0.0,0.0005843333333333348,0.0010133139929098748,0.005513000000000046,0.0032144186046511656,0.0021949175516846322,0.005513000000000046,0.0032144186046511656,0.0021949175516846322,0.005513000000000046,0.0032144186046511656,0.0021949175516846322
2024-12-23 15:40:02,93938.0,189.0,112.46153846153847,160.44916920145113,189.0,114.91836734693878,161.48823960466052,189.0,114.91836734693878,161.48823960466052,263.0,573.4090909090909,243.70553315872334,263.0,573.4090909090909,243.70553315872334,263.0,573.4090909090909,243.70553315872334,0.325508,0.002145000000000008,0.0008840769230769255,0.001389818421085914,0.002145000000000008,0.0006161836734693894,0.001027190944466783,0.002145000000000008,0.0006161836734693894,0.001027190944466783,0.002145000000000008,0.0031901136363636394,0.00217522793476496,0.002145000000000008,0.0031901136363636394,0.00217522793476496,0.002145000000000008,0.0031901136363636394,0.00217522793476496
2024-12-23 15:45:01,93938.0,0.0,110.53846153846153,161.72951461448187,0.0,112.62,160.65603896879463,0.0,112.62,160.65603896879463,263.0,566.5111111111111,245.32377698779132,263.0,566.5111111111111,245.32377698779132,263.0,566.5111111111111,245.32377698779132,0.325508,0.0,0.0007767692307692347,0.0014008925222779803,0.0,0.0006038600000000016,0.0010203831615263623,0.0,0.0006038600000000016,0.0010203831615263623,0.002145000000000008,0.003166888888888892,0.0021560037867041984,0.002145000000000008,0.003166888888888892,0.0021560037867041984,0.002145000000000008,0.003166888888888892,0.0021560037867041984
2024-12-23 15:50:02,93723.0,215.0,127.07692307692308,160.47194019436415,215.0,114.62745098039215,159.68618735311,215.0,114.62745098039215,159.68618735311,404.0,562.9782608695652,243.76313540725323,404.0,562.9782608695652,243.76313540725323,404.0,562.9782608695652,243.76313540725323,0.323514,0.0019939999999999958,0.0009301538461538498,0.001417816093278312,0.0019939999999999958,0.0006311176470588251,0.0010287128393688671,0.0019939999999999958,0.0006311176470588251,0.0010287128393688671,0.004139000000000004,0.003188021739130438,0.0021367262549062786,0.004139000000000004,0.003188021739130438,0.0021367262549062786,0.004139000000000004,0.003188021739130438,0.0021367262549062786
2024-12-23 15:55:02,93723.0,0.0,116.38461538461539,164.19883193937892,0.0,112.42307692307692,158.909932086818,0.0,112.42307692307692,158.909932086818,404.0,559.5957446808511,242.21160884598305,404.0,559.5957446808511,242.21160884598305,404.0,559.5957446808511,242.21160884598305,0.323514,0.0,0.000915846153846156,0.0014268610564308558,0.0,0.0006189807692307708,0.0010223306224425217,0.0,0.0006189807692307708,0.0010223306224425217,0.004139000000000004,0.003208255319148939,0.00211792082690718,0.004139000000000004,0.003208255319148939,0.00211792082690718,0.004139000000000004,0.003208255319148939,0.00211792082690718
2024-12-23 16:00:02,93904.0,181.0,130.30769230769232,161.15333516839618,181.0,113.71698113207547,157.6561957306139,181.0,113.71698113207547,157.6561957306139,404.0,556.3541666666666,240.67117936723164,404.0,556.3541666666666,240.67117936723164,404.0,556.3541666666666,240.67117936723164,0.322505,0.0010090000000000376,0.0009934615384615435,0.0014000827127581088,0.0010090000000000376,0.0006263396226415115,0.0010138692060880955,0.0010090000000000376,0.0006263396226415115,0.0010138692060880955,0.005148000000000041,0.0032486666666666705,0.0021138917355209,0.005148000000000041,0.0032486666666666705,0.0021138917355209,0.005148000000000041,0.0032486666666666705,0.0021138917355209
2024-12-23 16:05:02,93904.0,0.0,105.0,152.97603298120484,0.0,111.61111111111111,156.9266643608453,0.0,111.61111111111111,156.9266643608453,404.0,553.2448979591836,239.14348295986838,404.0,553.2448979591836,239.14348295986838,404.0,553.2448979591836,239.14348295986838,0.322505,0.0,0.0008474615384615469,0.0013968550160619565,0.0,0.0006147407407407428,0.0010078693795494567,0.0,0.0006147407407407428,0.0010078693795494567,0.005148000000000041,0.003287428571428576,0.0021092808016003983,0.005148000000000041,0.003287428571428576,0.0021092808016003983,0.005148000000000041,0.003287428571428576,0.0021092808016003983
2024-12-23 16:10:02,93925.0,21.0,106.61538461538461,151.8818282204614,21.0,109.96363636363637,155.946211481462,21.0,109.96363636363637,155.946211481462,215.0,546.48,241.4760088645306,215.0,546.48,241.4760088645306,215.0,546.48,241.4760088645306,0.322453,5.1999999999996493e-05,0.0008514615384615467,0.0013942981278158492,5.1999999999996493e-05,0.0006045090909090929,0.0010013727221267477,5.1999999999996493e-05,0.0006045090909090929,0.0010013727221267477,0.00305500000000003,0.003282780000000005,0.002087905339260931,0.00305500000000003,0.003282780000000005,0.002087905339260931,0.00305500000000003,0.003282780000000005,0.002087905339260931
2024-12-23 16:15:02,93925.0,0.0,66.84615384615384,90.92473641593739,0.0,108.0,155.21914127510763,0.0,108.0,155.21914127510763,215.0,539.9803921568628,243.51373597364713,215.0,539.9803921568628,243.51373597364713,215.0,539.9803921568628,243.51373597364713,0.322453,0.0,0.0004893846153846223,0.0007897426309101784,0.0,0.0005937142857142877,0.0009955104805491105,0.0,0.0005937142857142877,0.0009955104805491105,0.00305500000000003,0.003278313725490202,0.0020671669162425806,0.00305500000000003,0.003278313725490202,0.0020671669162425806,0.00305500000000003,0.003278313725490202,0.0020671669162425806
2024-12-23 16:20:02,94227.0,302.0,90.07692307692308,109.17147180655877,302.0,111.40350877192982,155.95842619670918,302.0,111.40350877192982,155.95842619670918,504.0,539.2884615384615,241.16614861294778,504.0,539.2884615384615,241.16614861294778,504.0,539.2884615384615,241.16614861294778,0.324226,0.0017730000000000246,0.0006257692307692395,0.0008490525262359816,0.0017730000000000246,0.0006144035087719322,0.0009988705918552152,0.0017730000000000246,0.0006144035087719322,0.0009988705918552152,0.0017730000000000246,0.0032493653846153905,0.0020574176945284323,0.0017730000000000246,0.0032493653846153905,0.0020574176945284323,0.0017730000000000246,0.0032493653846153905,0.0020574176945284323
2024-12-23 16:25:02,94227.0,0.0,75.23076923076923,107.11221051320732,0.0,109.48275862068965,155.27488261532795,0.0,109.48275862068965,155.27488261532795,504.0,538.622641509434,238.8851692610662,504.0,538.622641509434,238.8851692610662,504.0,538.622641509434,238.8851692610662,0.324226,0.0,0.000612076923076931,0.0008582605918890572,0.0,0.0006038103448275886,0.0009933512383332138,0.0,0.0006038103448275886,0.0009933512383332138,0.0017730000000000246,0.0032215094339622706,0.0020476058967885276,0.0017730000000000246,0.0032215094339622706,0.0020476058967885276,0.0017730000000000246,0.0032215094339622706,0.0020476058967885276
2024-12-23 16:30:02,94864.0,637.0,124.23076923076923,186.2767447670955,637.0,118.42372881355932,168.5559564705985,637.0,118.42372881355932,168.5559564705985,960.0,546.425925925926,243.46977665688385,960.0,546.425925925926,243.46977665688385,960.0,546.425925925926,243.46977665688385,0.326785,0.002558999999999978,0.0008089230769230832,0.0009895906949793662,0.002558999999999978,0.0006369491525423748,0.0010171167400486552,0.002558999999999978,0.0006369491525423748,0.0010171167400486552,0.0043320000000000025,0.0032420740740740804,0.0020338189178577167,0.0043320000000000025,0.0032420740740740804,0.0020338189178577167,0.0043320000000000025,0.0032420740740740804,0.0020338189178577167
2024-12-23 16:35:02,94864.0,0.0,118.84615384615384,188.96730147208282,0.0,116.45,167.81925557686426,0.0,116.45,167.81925557686426,960.0,553.9454545454546,247.56753049396877,960.0,553.9454545454546,247.56753049396877,960.0,553.9454545454546,247.56753049396877,0.326785,0.0,0.0007332307692307724,0.0010124516575987022,0.0,0.0006263333333333352,0.0010118072213160705,0.0,0.0006263333333333352,0.0010118072213160705,0.0043320000000000025,0.0032618909090909153,0.002020251943150836,0.0043320000000000025,0.0032618909090909153,0.002020251943150836,0.0043320000000000025,0.0032618909090909153,0.002020251943150836
2024-12-23 16:40:02,94711.0,153.0,130.6153846153846,185.68456158296092,153.0,117.04918032786885,166.48067217443074,153.0,117.04918032786885,166.48067217443074,939.0,560.8214285714286,250.64506647977208,939.0,560.8214285714286,250.64506647977208,939.0,560.8214285714286,250.64506647977208,0.325381,0.0014040000000000163,0.0008412307692307736,0.0010025539182379971,0.0014040000000000163,0.0006390819672131169,0.001008268553760721,0.0014040000000000163,0.0006390819672131169,0.001008268553760721,0.0043320000000000025,0.003281000000000006,0.0020069028694166395,0.0043320000000000025,0.003281000000000006,0.0020069028694166395,0.0043320000000000025,0.003281000000000006,0.0020069028694166395
2024-12-23 16:45:02,94711.0,0.0,116.07692307692308,188.1154173809533,0.0,115.16129032258064,165.77826327765942,0.0,115.16129032258064,165.77826327765942,939.0,567.4561403508771,253.39734961514486,939.0,567.4561403508771,253.39734961514486,939.0,567.4561403508771,253.39734961514486,0.325381,0.0,0.0006762307692307729,0.000944956009015425,0.0,0.0006287741935483891,0.0010032583541764067,0.0,0.0006287741935483891,0.0010032583541764067,0.0043320000000000025,0.003299438596491234,0.0019937691962134026,0.0043320000000000025,0.003299438596491234,0.0019937691962134026,0.0043320000000000025,0.003299438596491234,0.0019937691962134026
2024-12-23 16:50:02,94512.0,199.0,131.3846153846154,185.96708421184758,199.0,116.4920634920635,164.77480948015602,199.0,116.4920634920635,164.77480948015602,637.0,568.6551724137931,251.33067277600625,637.0,568.6551724137931,251.33067277600625,637.0,568.6551724137931,251.33067277600625,0.324525,0.0008559999999999679,0.0007420769230769244,0.0009234882657202943,0.0008559999999999679,0.0006323809523809539,0.000995546363667702,0.0008559999999999679,0.0006323809523809539,0.000995546363667702,0.002558999999999978,0.003286672413793109,0.0019785927604884343,0.002558999999999978,0.003286672413793109,0.0019785927604884343,0.002558999999999978,0.003286672413793109,0.0019785927604884343
2024-12-23 16:55:02,94512.0,0.0,114.84615384615384,187.46548400254298,0.0,114.671875,164.10914435192402,0.0,114.671875,164.10914435192402,637.0,569.8135593220339,249.31343481347352,637.0,569.8135593220339,249.31343481347352,637.0,569.8135593220339,249.31343481347352,0.324525,0.0,0.0005886923076923093,0.0008617561898641821,0.0,0.0006225000000000015,0.0009907719933754415,0.0,0.0006225000000000015,0.0009907719933754415,0.002558999999999978,0.0032743389830508524,0.001963748189579006,0.002558999999999978,0.0032743389830508524,0.001963748189579006,0.002558999999999978,0.0032743389830508524,0.001963748189579006
2024-12-23 17:00:02,95069.0,557.0,157.69230769230768,219.87965822823196,557.0,121.47692307692307,171.81695453413383,557.0,121.47692307692307,171.81695453413383,557.0,569.6,247.19711478761647,557.0,569.6,247.19711478761647,557.0,569.6,247.19711478761647,0.326373,0.0018480000000000163,0.0007308461538461567,0.0009077482072096379,0.0018480000000000163,0.0006413538461538479,0.0009946841588974573,0.0018480000000000163,0.0006413538461538479,0.0009946841588974573,0.0022599999999999842,0.003257433333333338,0.0019514338002699894,0.0022599999999999842,0.003257433333333338,0.0019514338002699894,0.0022599999999999842,0.003257433333333338,0.0019514338002699894
2024-12-23 17:05:02,95069.0,0.0,143.76923076923077,223.97326992528738,0.0,119.63636363636364,171.14462047894207,0.0,119.63636363636364,171.14462047894207,557.0,569.3934426229508,245.13379195101635,557.0,569.3934426229508,245.13379195101635,557.0,569.3934426229508,245.13379195101635,0.326373,0.0,0.0006532307692307692,0.0009249564993236318,0.0,0.0006316363636363654,0.0009901552580100952,0.0,0.0006316363636363654,0.0009901552580100952,0.0022599999999999842,0.0032410819672131193,0.0019393130338265182,0.0022599999999999842,0.0032410819672131193,0.0019393130338265182,0.0022599999999999842,0.0032410819672131193,0.0019393130338265182
2024-12-23 17:10:02,95119.0,50.0,147.6153846153846,221.7166128422866,50.0,118.59701492537313,170.05605668483776,50.0,118.59701492537313,170.05605668483776,607.0,570.0,243.1631038664526,607.0,570.0,243.1631038664526,607.0,570.0,243.1631038664526,0.325886,0.0004870000000000152,0.0006906923076923088,0.0009059623230406618,0.0004870000000000152,0.0006294776119403004,0.0009827843155315516,0.0004870000000000152,0.0006294776119403004,0.0009827843155315516,0.0018480000000000163,0.003218612903225811,0.0019314713609555403,0.0018480000000000163,0.003218612903225811,0.0019314713609555403,0.0018480000000000163,0.003218612903225811,0.0019314713609555403
2024-12-23 17:15:02,95119.0,0.0,146.0,222.78988606607197,0.0,116.8529411764706,169.39385041489712,0.0,116.8529411764706,169.39385041489712,607.0,570.5873015873016,241.2391822692905,607.0,570.5873015873016,241.2391822692905,607.0,570.5873015873016,241.2391822692905,0.325886,0.0,0.0006866923076923091,0.0009091265391036417,0.0,0.000620220588235296,0.0009784049286189849,0.0,0.000620220588235296,0.0009784049286189849,0.0018480000000000163,0.0031968571428571475,0.0019235981058451565,0.0018480000000000163,0.0031968571428571475,0.0019235981058451565,0.0018480000000000163,0.0031968571428571475,0.0019235981058451565
2024-12-23 17:20:02,95186.0,67.0,151.15384615384616,219.88703393403554,67.0,116.1304347826087,168.25076811672216,67.0,116.1304347826087,168.25076811672216,674.0,572.203125,239.6657844667186,674.0,572.203125,239.6657844667186,674.0,572.203125,239.6657844667186,0.325173,0.0007130000000000192,0.0007415384615384644,0.0008854458966517586,0.0007130000000000192,0.0006215652173913065,0.0009712483549575135,0.0007130000000000192,0.0006215652173913065,0.0009712483549575135,0.0018480000000000163,0.003175781250000005,0.0019157046320096391,0.0018480000000000163,0.003175781250000005,0.0019157046320096391,0.0018480000000000163,0.003175781250000005,0.0019157046320096391
2024-12-23 17:25:02,95186.0,0.0,127.92307692307692,218.5712933036044,0.0,114.47142857142858,167.60285368437795,0.0,114.47142857142858,167.60285368437795,674.0,573.7692307692307,238.12101500804488,674.0,573.7692307692307,238.12101500804488,674.0,573.7692307692307,238.12101500804488,0.325173,0.0,0.0006051538461538472,0.0008491333666503579,0.0,0.0006126857142857164,0.000967042503792253,0.0,0.0006126857142857164,0.000967042503792253,0.0018480000000000163,0.0031553538461538515,0.001907801036458349,0.0018480000000000163,0.0031553538461538515,0.001907801036458349,0.0018480000000000163,0.0031553538461538515,0.001907801036458349
2024-12-23 17:30:02,94932.0,254.0,147.46153846153845,217.53337498133303,254.0,116.43661971830986,167.22326669920463,254.0,116.43661971830986,167.22326669920463,254.0,568.9242424242424,239.53822952352178,254.0,568.9242424242424,239.53822952352178,254.0,568.9242424242424,239.53822952352178,0.324031,0.0011419999999999764,0.0006929999999999992,0.0008403373330593662,0.0011419999999999764,0.0006201408450704243,0.0009621630437386491,0.0011419999999999764,0.0006201408450704243,0.0009621630437386491,0.0023420000000000107,0.003143030303030308,0.0018957143079929395,0.0023420000000000107,0.003143030303030308,0.0018957143079929395,0.0023420000000000107,0.003143030303030308,0.0018957143079929395
2024-12-23 17:35:02,94932.0,0.0,98.46153846153847,162.97577293604888,0.0,114.81944444444444,166.6075194343922,0.0,114.81944444444444,166.6075194343922,254.0,564.223880597015,240.80998550318907,254.0,564.223880597015,240.80998550318907,254.0,564.223880597015,240.80998550318907,0.324031,0.0,0.000496153846153847,0.0006434649493372917,0.0,0.0006115277777777795,0.0009581545785522443,0.0,0.0006115277777777795,0.0009581545785522443,0.0023420000000000107,0.003131074626865677,0.0018838415804963717,0.0023420000000000107,0.003131074626865677,0.0018838415804963717,0.0023420000000000107,0.003131074626865677,0.0018838415804963717
2024-12-23 17:40:02,94739.0,193.0,113.3076923076923,162.04700172860578,193.0,115.89041095890411,165.6993228749522,193.0,115.89041095890411,165.6993228749522,447.0,562.5,239.42851736034524,447.0,562.5,239.42851736034524,447.0,562.5,239.42851736034524,0.323947,8.40000000000285e-05,0.0005026153846153877,0.000638469855521979,8.40000000000285e-05,0.0006043013698630158,0.0009534786265292471,8.40000000000285e-05,0.0006043013698630158,0.0009534786265292471,0.001939000000000024,0.0031135441176470646,0.0018753103021547867,0.001939000000000024,0.0031135441176470646,0.0018753103021547867,0.001939000000000024,0.0031135441176470646,0.0018753103021547867
2024-12-23 17:45:02,94739.0,0.0,101.53846153846153,164.46206015604093,0.0,114.32432432432432,165.1110135559782,0.0,114.32432432432432,165.1110135559782,447.0,560.8260869565217,238.0678942038161,447.0,560.8260869565217,238.0678942038161,447.0,560.8260869565217,238.0678942038161,0.323947,0.0,0.00039461538461538643,0.0005902133143281797,0.0,0.0005961351351351372,0.0009495275872888512,0.0,0.0005961351351351372,0.0009495275872888512,0.001939000000000024,0.0030965217391304405,0.0018668328212801237,0.001939000000000024,0.0030965217391304405,0.0018668328212801237,0.001939000000000024,0.0030965217391304405,0.0018668328212801237
2024-12-23 17:50:02,94575.0,164.0,114.15384615384616,162.3000545049437,164.0,114.98666666666666,164.0918903190175,164.0,114.98666666666666,164.0918903190175,611.0,561.5428571428571,236.41254078621503,611.0,561.5428571428571,236.41254078621503,611.0,561.5428571428571,236.41254078621503,0.322748,0.0011990000000000056,0.00048684615384615606,0.0006165055888032482,0.0011990000000000056,0.0006041733333333355,0.0009456557337883852,0.0011990000000000056,0.0006041733333333355,0.0009456557337883852,0.0024250000000000105,0.0030869285714285773,0.0018549928889385083,0.0024250000000000105,0.0030869285714285773,0.0018549928889385083,0.0024250000000000105,0.0030869285714285773,0.0018549928889385083
2024-12-23 17:55:02,94575.0,0.0,98.84615384615384,163.0137244497357,0.0,113.47368421052632,163.5270802188808,0.0,113.47368421052632,163.5270802188808,611.0,562.2394366197183,234.79118167845184,611.0,562.2394366197183,234.79118167845184,611.0,562.2394366197183,234.79118167845184,0.322748,0.0,0.0004210000000000047,0.0006194977804641444,0.0,0.0005962236842105284,0.0009418833275048354,0.0,0.0005962236842105284,0.0009418833275048354,0.0024250000000000105,0.003077605633802823,0.0018433699069047703,0.0024250000000000105,0.003077605633802823,0.0018433699069047703,0.0024250000000000105,0.003077605633802823,0.0018433699069047703
2024-12-23 18:00:03,94725.0,150.0,110.38461538461539,160.72675490903728,150.0,113.94805194805195,162.50100373000907,150.0,113.94805194805195,162.50100373000907,357.0,559.3888888888889,234.38325155010278,357.0,559.3888888888889,234.38325155010278,357.0,559.3888888888889,234.38325155010278,0.323819,0.0010710000000000441,0.0005033846153846235,0.0006299705731833256,0.0010710000000000441,0.000602389610389613,0.0009372292613398771,0.0010710000000000441,0.000602389610389613,0.0009372292613398771,0.0012830000000000341,0.003052680555555562,0.001842521089958142,0.0012830000000000341,0.003052680555555562,0.001842521089958142,0.0012830000000000341,0.003052680555555562,0.001842521089958142
2024-12-23 18:05:02,94725.0,0.0,67.53846153846153,90.76123932661213,0.0,112.48717948717949,161.95708455049822,0.0,112.48717948717949,161.95708455049822,357.0,556.6164383561644,233.9521930115559,357.0,556.6164383561644,233.9521930115559,357.0,556.6164383561644,233.9521930115559,0.323819,0.0,0.00036123076923077606,0.0004954005372501077,0.0,0.0005946666666666692,0.0009336183021980328,0.0,0.0005946666666666692,0.0009336183021980328,0.0012830000000000341,0.00302843835616439,0.0018413673586819901,0.0012830000000000341,0.00302843835616439,0.0018413673586819901,0.0012830000000000341,0.00302843835616439,0.0018413673586819901
2024-12-23 18:10:02,94520.0,205.0,83.3076923076923,95.72215401478786,205.0,113.65822784810126,161.25182456339633,205.0,113.65822784810126,161.25182456339633,219.0,552.0540540540541,235.63571210441754,219.0,552.0540540540541,235.63571210441754,219.0,552.0540540540541,235.63571210441754,0.323343,0.00047600000000003195,0.00039784615384616317,0.0004839348864867848,0.00047600000000003195,0.0005931645569620283,0.0009277103387231612,0.00047600000000003195,0.0005931645569620283,0.0009277103387231612,0.0011990000000000056,0.003003716216216223,0.0018410362144784414,0.0011990000000000056,0.003003716216216223,0.0018410362144784414,0.0011990000000000056,0.003003716216216223,0.0018410362144784414
2024-12-23 18:15:02,94520.0,0.0,79.46153846153847,98.14582295799737,0.0,112.2375,160.73110210393105,0.0,112.2375,160.73110210393105,219.0,547.6133333333333,237.17685802367393,219.0,547.6133333333333,237.17685802367393,219.0,547.6133333333333,237.17685802367393,0.323343,0.0,0.0003603846153846235,0.0004951771633233165,0.0,0.0005857500000000029,0.0009242025026057805,0.0,0.0005857500000000029,0.0009242025026057805,0.0011990000000000056,0.00297965333333334,0.0018403907523788115,0.0011990000000000056,0.00297965333333334,0.0018403907523788115,0.0011990000000000056,0.00297965333333334,0.0018403907523788115
2024-12-23 18:20:02,94463.0,57.0,83.84615384615384,95.53868863262163,57.0,111.55555555555556,159.8412493694916,57.0,111.55555555555556,159.8412493694916,262.0,543.8552631578947,237.8574757537165,262.0,543.8552631578947,237.8574757537165,262.0,543.8552631578947,237.8574757537165,0.322758,0.0005850000000000022,0.0004053846153846237,0.0004861974116312485,0.0005850000000000022,0.0005857407407407437,0.0009184080762082002,0.0005850000000000022,0.0005857407407407437,0.0009184080762082002,0.0010710000000000441,0.0029545394736842177,0.001841144009872048,0.0010710000000000441,0.0029545394736842177,0.001841144009872048,0.0010710000000000441,0.0029545394736842177,0.001841144009872048
2024-12-23 18:25:02,94463.0,0.0,78.6923076923077,98.29071218871144,0.0,110.1951219512195,159.32848582618223,0.0,110.1951219512195,159.32848582618223,262.0,540.1948051948052,238.46063555543293,262.0,540.1948051948052,238.46063555543293,262.0,540.1948051948052,238.46063555543293,0.322758,0.0,0.00035053846153846837,0.0004888131230140735,0.0,0.0005785975609756127,0.0009150104885016643,0.0,0.0005785975609756127,0.0009150104885016643,0.0010710000000000441,0.0029300779220779298,0.001841543587136059,0.0010710000000000441,0.0029300779220779298,0.001841543587136059,0.0010710000000000441,0.0029300779220779298,0.001841543587136059
2024-12-23 18:30:02,94143.0,320.0,103.3076923076923,115.50352419975808,320.0,112.72289156626506,160.0197635090369,320.0,112.72289156626506,160.0197635090369,582.0,540.7307692307693,236.9544135606976,582.0,540.7307692307693,236.9544135606976,582.0,540.7307692307693,236.9544135606976,0.320998,0.0017599999999999838,0.0004859230769230825,0.0006118746415100677,0.0017599999999999838,0.0005928313253012075,0.0009186129233301698,0.0017599999999999838,0.0005928313253012075,0.0009186129233301698,0.002821000000000018,0.002928679487179495,0.0018295881198087155,0.002821000000000018,0.002928679487179495,0.0018295881198087155,0.002821000000000018,0.002928679487179495,0.0018295881198087155
2024-12-23 18:35:02,94143.0,0.0,83.76923076923077,109.19947637706713,0.0,111.38095238095238,159.52768425090215,0.0,111.38095238095238,159.52768425090215,582.0,541.253164556962,235.47635671801643,582.0,541.253164556962,235.47635671801643,582.0,541.253164556962,235.47635671801643,0.320998,0.0,0.00039807692307693046,0.0005914706898258593,0.0,0.0005857738095238122,0.0009153506188616335,0.0,0.0005857738095238122,0.0009153506188616335,0.002821000000000018,0.0029273164556962105,0.0018178625272012908,0.002821000000000018,0.0029273164556962105,0.0018178625272012908,0.002821000000000018,0.0029273164556962105,0.0018178625272012908
2024-12-23 18:40:02,94313.0,170.0,96.84615384615384,108.50871405394602,170.0,112.07058823529412,158.7026861052793,170.0,112.07058823529412,158.7026861052793,377.0,539.2,234.7008006436808,377.0,539.2,234.7008006436808,377.0,539.2,234.7008006436808,0.321883,0.0008849999999999691,0.00046615384615385116,0.0005927641248357608,0.0008849999999999691,0.000589294117647061,0.0009104644526876626,0.0008849999999999691,0.000589294117647061,0.0009104644526876626,0.002344999999999986,0.002920037500000008,0.0018074933299507523,0.002344999999999986,0.002920037500000008,0.0018074933299507523,0.002344999999999986,0.002920037500000008,0.0018074933299507523
2024-12-23 18:45:01,94313.0,0.0,82.0,107.45464159355798,0.0,110.76744186046511,158.22855207642664,0.0,110.76744186046511,158.22855207642664,377.0,537.1975308641976,233.924582918998,377.0,537.1975308641976,233.924582918998,377.0,537.1975308641976,233.924582918998,0.321883,0.0,0.00045969230769231053,0.0005977141714642797,0.0,0.0005824418604651185,0.0009073208992562049,0.0,0.0005824418604651185,0.0009073208992562049,0.002344999999999986,0.002912938271604946,0.0017972970145866205,0.002344999999999986,0.002912938271604946,0.0017972970145866205,0.002344999999999986,0.002912938271604946,0.0017972970145866205
2024-12-23 18:50:02,94211.0,102.0,89.84615384615384,104.65566249519273,102.0,110.66666666666667,157.30873707359652,102.0,110.66666666666667,157.30873707359652,320.0,534.5487804878048,233.71017994167684,320.0,534.5487804878048,233.71017994167684,320.0,534.5487804878048,233.71017994167684,0.322097,0.00021400000000004749,0.00047615384615385265,0.0005868469201523555,0.00021400000000004749,0.0005782068965517269,0.0009028948422883786,0.00021400000000004749,0.0005782068965517269,0.0009028948422883786,0.0017599999999999838,0.002898878048780495,0.0017907001899060274,0.0017599999999999838,0.002898878048780495,0.0017907001899060274,0.0017599999999999838,0.002898878048780495,0.0017907001899060274
2024-12-23 18:55:02,94211.0,0.0,77.23076923076923,104.85637307459655,0.0,109.4090909090909,156.84633642434486,0.0,109.4090909090909,156.84633642434486,320.0,531.9638554216867,233.47149226838727,320.0,531.9638554216867,233.47149226838727,320.0,531.9638554216867,233.47149226838727,0.322097,0.0,0.00038392307692308296,0.0005572479193229362,0.0,0.0005716363636363663,0.0008998043616460199,0.0,0.0005716363636363663,0.0008998043616460199,0.0017599999999999838,0.002885156626506031,0.0017841326271515058,0.0017599999999999838,0.002885156626506031,0.0017841326271515058,0.0017599999999999838,0.002885156626506031,0.0017841326271515058
2024-12-23 19:00:02,94483.0,272.0,98.15384615384616,114.82511786324321,272.0,111.23595505617978,156.90204112988854,272.0,111.23595505617978,156.90204112988854,340.0,529.6785714285714,233.00406742994522,340.0,529.6785714285714,233.00406742994522,340.0,529.6785714285714,233.00406742994522,0.323456,0.001358999999999999,0.0004884615384615445,0.0006046771335989418,0.001358999999999999,0.0005804831460674184,0.0008985616171561943,0.001358999999999999,0.0005804831460674184,0.0008985616171561943,0.0024580000000000157,0.0028800714285714354,0.001773964614265972,0.0024580000000000157,0.0028800714285714354,0.001773964614265972,0.0024580000000000157,0.0028800714285714354,0.001773964614265972
2024-12-23 19:05:02,94450.0,33.0,89.15384615384616,115.00785926321598,33.0,110.36666666666666,156.23588115985953,33.0,110.36666666666666,156.23588115985953,340.0,527.4470588235295,232.5249349599979,340.0,527.4470588235295,232.5249349599979,340.0,527.4470588235295,232.5249349599979,0.323495,3.899999999995574e-05,0.00040907692307692227,0.0005893748752616954,3.899999999995574e-05,0.0005744666666666688,0.0008953204711539984,3.899999999995574e-05,0.0005744666666666688,0.0008953204711539984,0.0024969999999999715,0.0028755647058823597,0.0017638631334379107,0.0024969999999999715,0.0028755647058823597,0.0017638631334379107,0.0024969999999999715,0.0028755647058823597,0.0017638631334379107
2024-12-23 19:10:02,94450.0,0.0,89.15384615384616,115.00785926321598,0.0,109.15384615384616,155.79565841026243,0.0,109.15384615384616,155.79565841026243,272.0,524.4767441860465,232.78855473908135,272.0,524.4767441860465,232.78855473908135,272.0,524.4767441860465,232.78855473908135,0.323495,0.0,0.00040907692307692227,0.0005893748752616954,0.0,0.0005681538461538482,0.0008923668518555585,0.0,0.0005681538461538482,0.0008923668518555585,0.0016120000000000023,0.0028608720930232623,0.001758742651117298,0.0016120000000000023,0.0028608720930232623,0.001758742651117298,0.0016120000000000023,0.0028608720930232623,0.001758742651117298
2024-12-23 19:15:02,94293.0,157.0,85.46153846153847,111.70169752859279,157.0,109.67391304347827,155.01755368136534,157.0,109.67391304347827,155.01755368136534,272.0,521.5747126436781,233.0087647909263,272.0,521.5747126436781,233.0087647909263,272.0,521.5747126436781,233.0087647909263,0.322713,0.0007819999999999494,0.00043261538461537743,0.0005983131201499612,0.0007819999999999494,0.0005704782608695667,0.0008877302020378325,0.0007819999999999494,0.0005704782608695667,0.0008877302020378325,0.0016120000000000023,0.002846517241379317,0.0017536065485236033,0.0016120000000000023,0.002846517241379317,0.0017536065485236033,0.0016120000000000023,0.002846517241379317,0.0017536065485236033
2024-12-23 19:20:02,94293.0,0.0,85.46153846153847,111.70169752859277,0.0,108.49462365591398,154.59165169933522,0.0,108.49462365591398,154.59165169933522,272.0,518.7386363636364,233.18841941623788,272.0,518.7386363636364,233.18841941623788,272.0,518.7386363636364,233.18841941623788,0.322713,0.0,0.00043261538461537743,0.0005983131201499612,0.0,0.0005643440860215069,0.0008848719693023607,0.0,0.0005643440860215069,0.0008848719693023607,0.0013979999999999548,0.002830056818181824,0.001750323611181952,0.0013979999999999548,0.002830056818181824,0.001750323611181952,0.0013979999999999548,0.002830056818181824,0.001750323611181952
2024-12-23 19:25:02,94280.0,13.0,82.07692307692308,113.29126293059964,13.0,107.47872340425532,154.073416986866,13.0,107.47872340425532,154.073416986866,272.0,515.9662921348314,233.33016255932094,272.0,515.9662921348314,233.33016255932094,272.0,515.9662921348314,233.33016255932094,0.322384,0.0003290000000000237,0.0004129230769230714,0.000597091347218387,0.0003290000000000237,0.0005618404255319166,0.0008804364179713042,0.0003290000000000237,0.0005618404255319166,0.0008804364179713042,0.0013979999999999548,0.002813966292134837,0.0017469577221392008,0.0013979999999999548,0.002813966292134837,0.0017469577221392008,0.0013979999999999548,0.002813966292134837,0.0017469577221392008
2024-12-23 19:30:02,94280.0,0.0,82.07692307692308,113.29126293059963,0.0,106.34736842105264,153.64789593044281,0.0,106.34736842105264,153.64789593044281,203.0,512.4888888888889,234.34921816582053,203.0,512.4888888888889,234.34921816582053,203.0,512.4888888888889,234.34921816582053,0.322384,0.0,0.0004129230769230714,0.0005970913472183871,0.0,0.0005559263157894754,0.0008776358019679109,0.0,0.0005559263157894754,0.0008776358019679109,0.0011109999999999731,0.0027950444444444496,0.0017463659340271717,0.0011109999999999731,0.0027950444444444496,0.0017463659340271717,0.0011109999999999731,0.0027950444444444496,0.0017463659340271717
2024-12-23 19:35:02,94189.0,91.0,64.46153846153847,88.25022699179058,91.0,106.1875,152.84510993675573,91.0,106.1875,152.84510993675573,261.0,509.72527472527474,234.53007700667524,261.0,509.72527472527474,234.53007700667524,261.0,509.72527472527474,234.53007700667524,0.321309,0.0010749999999999926,0.0003602307692307644,0.0004886931814963449,0.0010749999999999926,0.000561333333333335,0.0008746104295678011,0.0010749999999999926,0.000561333333333335,0.0008746104295678011,0.0021859999999999657,0.002788351648351653,0.0017378099971172324,0.0021859999999999657,0.002788351648351653,0.0017378099971172324,0.0021859999999999657,0.002788351648351653,0.0017378099971172324
2024-12-23 19:40:02,94189.0,0.0,64.46153846153847,88.25022699179058,0.0,105.09278350515464,152.42874581766523,0.0,105.09278350515464,152.42874581766523,261.0,507.0217391304348,234.67499050936075,261.0,507.0217391304348,234.67499050936078,261.0,507.0217391304348,234.67499050936078,0.321309,0.0,0.0003602307692307644,0.0004886931814963449,0.0,0.0005555463917525789,0.0008719080492017998,0.0,0.0005555463917525789,0.0008719080492017998,0.0021859999999999657,0.002781804347826091,0.0017293758210783301,0.0021859999999999657,0.002781804347826091,0.0017293758210783301,0.0021859999999999657,0.002781804347826091,0.0017293758210783301
2024-12-23 19:45:02,94026.0,163.0,63.92307692307692,87.5713628405062,163.0,104.19587628865979,151.82196530635656,163.0,105.68367346938776,151.75377486014852,267.0,504.44086021505376,234.7194191020415,267.0,504.44086021505376,234.71941910204154,267.0,504.44086021505376,234.71941910204154,0.319928,0.001381000000000021,0.0003983846153846146,0.0005487497211026685,0.001381000000000021,0.0005556701030927853,0.0008720255123567386,0.001381000000000021,0.0005639693877551038,0.0008714006435202227,0.0027850000000000374,0.0027818387096774236,0.001719951391441068,0.0027850000000000374,0.0027818387096774236,0.0017199513914410683,0.0027850000000000374,0.0027818387096774236,0.0017199513914410683
2024-12-23 19:50:01,94026.0,0.0,63.92307692307692,87.5713628405062,0.0,104.19587628865979,151.82196530635656,0.0,104.61616161616162,151.35070147897463,267.0,501.9148936170213,234.73511310449936,267.0,501.9148936170213,234.7351131044994,267.0,501.9148936170213,234.7351131044994,0.319928,0.0,0.0003983846153846146,0.0005487497211026686,0.0,0.0005556701030927853,0.0008720255123567386,0.0,0.0005582727272727291,0.0008687942596939634,0.0027850000000000374,0.0027818723404255366,0.0017106793798129017,0.0027850000000000374,0.0027818723404255366,0.001710679379812902,0.0027850000000000374,0.0027818723404255366,0.001710679379812902
2024-12-23 19:55:01,94110.0,84.0,62.53846153846154,87.05995576288733,84.0,102.22680412371135,150.8189108082548,84.0,104.41,150.59847578608128,254.0,499.30526315789473,234.86456367420953,254.0,499.30526315789473,234.86456367420953,254.0,499.30526315789473,234.86456367420953,0.320135,0.00020700000000001273,0.0003978461538461503,0.0005489491242598372,0.00020700000000001273,0.000543618556701033,0.0008686416412434207,0.00020700000000001273,0.0005547600000000019,0.0008651087293140416,0.0024560000000000137,0.0027784421052631627,0.0017018841293394969,0.0024560000000000137,0.0027784421052631627,0.0017018841293394969,0.0024560000000000137,0.0027784421052631627,0.0017018841293394969
2024-12-23 20:00:03,93981.0,129.0,72.46153846153847,86.6887299332266,129.0,103.55670103092784,150.47646335004276,129.0,104.65346534653466,149.863566996356,299.0,497.21875,234.51792449170006,299.0,497.21875,234.51792449170006,299.0,497.21875,234.51792449170006,0.319044,0.0010910000000000086,0.00048176923076922795,0.0005661832968580303,0.0010910000000000086,0.0005548659793814454,0.0008685926791471611,0.0010910000000000086,0.000560069306930695,0.000862424515623551,0.0033400000000000096,0.0027842916666666715,0.0016938730575482121,0.0033400000000000096,0.0027842916666666715,0.0016938730575482123,0.0033400000000000096,0.0027842916666666715,0.0016938730575482123
2024-12-23 20:05:02,93981.0,0.0,51.53846153846154,64.50014907555818,0.0,102.41237113402062,150.84088972167822,0.0,103.62745098039215,149.47942151615558,208.0,494.2371134020619,235.1342158036145,208.0,494.2371134020619,235.13421580361447,208.0,494.2371134020619,235.13421580361447,0.319044,0.0,0.0003772307692307665,0.0005137494775092505,0.0,0.0005524432989690744,0.0008698210061208027,0.0,0.000554578431372551,0.0008599344142188477,0.002265000000000017,0.002778938144329902,0.0016858524291291622,0.002265000000000017,0.002778938144329902,0.0016858524291291622,0.002265000000000017,0.002778938144329902,0.0016858524291291622
2024-12-23 20:10:02,94122.0,141.0,59.84615384615385,68.72996211484256,141.0,103.8659793814433,150.52274391170226,141.0,103.99029126213593,148.79044977427813,208.0,490.96907216494844,236.89851262408794,208.0,491.31632653061223,235.69929282438017,208.0,491.31632653061223,235.69929282438017,0.319615,0.0005709999999999882,0.0004181538461538459,0.0005056874604855326,0.0005709999999999882,0.0005583298969072186,0.0008679735345625653,0.0005709999999999882,0.0005547378640776717,0.000855710196512232,0.002265000000000017,0.0027715670103092838,0.0016865271387480505,0.002265000000000017,0.0027736938775510256,0.001677943282086818,0.002265000000000017,0.0027736938775510256,0.001677943282086818
2024-12-23 20:15:02,94122.0,0.0,59.84615384615385,68.72996211484256,0.0,102.35051546391753,150.82364434146214,0.0,102.99038461538461,148.41711721814897,141.0,489.58762886597935,238.555931272649,141.0,487.77777777777777,237.12209700677175,141.0,487.77777777777777,237.12209700677175,0.319615,0.0,0.0004181538461538459,0.0005056874604855326,0.0,0.0005564432989690744,0.0008689961158461365,0.0,0.000549403846153848,0.0008532817802402204,0.0010910000000000086,0.002766206185567016,0.001691074873528081,0.0010910000000000086,0.002756696969696975,0.0016779048612964207,0.0010910000000000086,0.002756696969696975,0.0016779048612964207
2024-12-23 20:20:02,93599.0,523.0,88.0,144.7566924186927,523.0,107.74226804123711,156.37283693884433,523.0,106.99047619047619,153.28376747054259,523.0,492.1443298969072,237.55902730035336,523.0,488.13,235.94776236628428,523.0,488.13,235.94776236628428,0.316962,0.002652999999999961,0.0005620769230769237,0.0007990364469720586,0.002652999999999961,0.0005837938144329915,0.0008927262077729508,0.002652999999999961,0.0005694380952380966,0.000873632017717387,0.0031729999999999814,0.002782309278350521,0.0016873929371026344,0.0031729999999999814,0.002760860000000005,0.0016699280757511163,0.0031729999999999814,0.002760860000000005,0.0016699280757511163
2024-12-23 20:25:02,93599.0,0.0,88.0,144.7566924186927,0.0,105.83505154639175,156.54882627663187,0.0,105.98113207547169,152.90563421255706,523.0,494.87628865979383,236.3590250080355,523.0,488.4752475247525,234.7906980295176,523.0,488.4752475247525,234.7906980295176,0.316962,0.0,0.0005620769230769237,0.0007990364469720586,0.0,0.0005819793814433007,0.0008937419461103487,0.0,0.0005640660377358505,0.0008712193017765163,0.0031729999999999814,0.0028125979381443357,0.0016674430878580865,0.0031729999999999814,0.0027649405940594106,0.0016620634634199897,0.0031729999999999814,0.0027649405940594106,0.0016620634634199897
2024-12-23 20:30:02,93750.0,151.0,98.61538461538461,143.85556324634467,151.0,107.3917525773196,156.23590314416043,151.0,106.40186915887851,152.24489084670824,523.0,497.6082474226804,235.12082694777342,523.0,488.8137254901961,233.6504849485153,523.0,488.8137254901961,233.6504849485153,0.317678,0.0007159999999999944,0.0005918461538461522,0.0007968352868435001,0.0007159999999999944,0.0005893608247422697,0.0008918400008966366,0.0007159999999999944,0.0005654859813084126,0.0008672244314041573,0.002652999999999961,0.002837525773195882,0.00164644934943846,0.002652999999999961,0.0027638431372549064,0.0016538520995632204,0.002652999999999961,0.0027638431372549064,0.0016538520995632204
2024-12-23 20:35:02,93750.0,0.0,98.61538461538461,143.8555632463447,0.0,106.08247422680412,156.6015824541622,0.0,105.41666666666667,151.8772946059497,523.0,499.78350515463916,234.3605763030248,523.0,489.1456310679612,232.52671816825236,523.0,489.1456310679612,232.52671816825236,0.317678,0.0,0.0005918461538461522,0.0007968352868435001,0.0,0.0005854845360824754,0.0008935924116709342,0.0,0.0005602500000000013,0.0008648758986660792,0.002652999999999961,0.0028609278350515514,0.001627218339986364,0.002652999999999961,0.002762766990291266,0.0016457612530488557,0.002652999999999961,0.002762766990291266,0.0016457612530488557
2024-12-23 20:40:02,93903.0,153.0,103.38461538461539,144.60782508883491,153.0,107.65979381443299,156.29218674475393,153.0,105.85321100917432,151.24121190802714,523.0,501.9587628865979,233.57738356938646,523.0,489.47115384615387,231.4190062232879,523.0,489.47115384615387,231.4190062232879,0.318652,0.0009739999999999749,0.00058407692307692,0.0007922108790739146,0.0009739999999999749,0.0005955257731958773,0.0008924164420827624,0.0009739999999999749,0.0005640458715596341,0.000861774239849921,0.002652999999999961,0.002884329896907221,0.001607413098491187,0.002652999999999961,0.002761711538461542,0.0016377880043064318,0.002652999999999961,0.002761711538461542,0.0016377880043064318
2024-12-23 20:45:02,93903.0,0.0,103.38461538461539,144.60782508883491,0.0,107.5360824742268,156.37342204477437,0.0,104.89090909090909,150.88377843723373,523.0,504.0103092783505,232.8709180553575,523.0,489.79047619047617,230.32697056567952,523.0,489.79047619047617,230.32697056567952,0.318652,0.0,0.00058407692307692,0.0007922108790739146,0.0,0.0005905154639175264,0.0008943998350081149,0.0,0.000558918181818183,0.0008594962161277662,0.002652999999999961,0.002906670103092787,0.001588682943258673,0.002652999999999961,0.0027606761904761935,0.0016299295318370631,0.002652999999999961,0.0027606761904761935,0.0016299295318370631
2024-12-23 20:50:02,94031.0,128.0,100.6923076923077,143.7285546991183,128.0,108.85567010309278,155.99612640027328,128.0,105.09909909909909,150.2123923561662,432.0,505.12371134020617,232.258667659033,432.0,489.24528301886795,229.29626547000404,432.0,489.24528301886795,229.29626547000404,0.318811,0.00015900000000002024,0.00049007692307692,0.0007616819613568336,0.00015900000000002024,0.0005921546391752585,0.0008934515158945647,0.00015900000000002024,0.0005553153153153165,0.0008564221132339099,0.0018489999999999895,0.002920721649484539,0.0015729999386937675,0.0018489999999999895,0.002752075471698116,0.0016245644731998534,0.0018489999999999895,0.002752075471698116,0.0016245644731998534
2024-12-23 20:55:02,94031.0,0.0,100.6923076923077,143.7285546991183,0.0,105.98969072164948,155.40883547151262,0.0,104.16071428571429,149.86363492641925,432.0,505.2783505154639,232.2043703950987,432.0,488.7102803738318,228.27920711871863,432.0,488.7102803738318,228.27920711871863,0.318811,0.0,0.00049007692307692,0.0007616819613568337,0.0,0.0005834329896907229,0.000895075472925986,0.0,0.0005503571428571441,0.0008541688637947696,0.0018489999999999895,0.0029260515463917555,0.001568429949896383,0.0018489999999999895,0.0027436355140186943,0.0016192385375133505,0.0018489999999999895,0.0027436355140186943,0.0016192385375133505
2024-12-23 21:00:02,94025.0,6.0,94.6923076923077,146.09208546631618,6.0,106.05154639175258,155.3673986565138,6.0,103.29203539823008,149.4785986482877,281.0,503.87628865979383,233.1516074061735,281.0,486.787037037037,228.08737672036168,281.0,486.787037037037,228.08737672036168,0.31924,0.0004290000000000127,0.000507153846153843,0.0007572824050680329,0.0004290000000000127,0.0005878556701030941,0.0008932205773409072,0.0004290000000000127,0.0005492831858407093,0.0008504236913468751,0.0015620000000000078,0.002928422680412374,0.0015661672020882442,0.0015620000000000078,0.0027326944444444473,0.0016156601582278196,0.0015620000000000078,0.0027326944444444473,0.0016156601582278196
2024-12-23 21:05:01,94025.0,0.0,84.76923076923077,147.93701015756326,0.0,103.42268041237114,154.97774269307368,0.0,102.3859649122807,149.12983645084964,281.0,501.1546391752577,234.20505350574496,281.0,484.89908256880733,227.88300868493613,281.0,484.89908256880733,227.88300868493613,0.31924,0.0,0.0004232307692307655,0.0007475787755420878,0.0,0.0005764742268041245,0.000893608859400832,0.0,0.0005444649122807031,0.0008482139296423825,0.0015620000000000078,0.002919412371134023,0.0015715345721657031,0.0015620000000000078,0.00272195412844037,0.0016120674291184205,0.0015620000000000078,0.00272195412844037,0.0016120674291184205
2024-12-23 21:10:02,93821.0,204.0,100.46153846153847,149.01152941110263,204.0,105.52577319587628,154.94381325604138,204.0,103.2695652173913,148.77637296734343,210.0,497.70103092783506,236.01474905132403,210.0,482.4,228.34454893323584,210.0,482.4,228.34454893323584,0.318499,0.0007410000000000472,0.00048023076923076914,0.0007408387311966147,0.0007410000000000472,0.0005841134020618569,0.0008917948764090019,0.0007410000000000472,0.00054617391304348,0.0008446843411331872,0.0007410000000000472,0.0029019381443298993,0.0015863197109349356,0.0007410000000000472,0.002703945454545458,0.0016157332407468708,0.0007410000000000472,0.002703945454545458,0.0016157332407468708
2024-12-23 21:15:01,93821.0,0.0,89.61538461538461,150.93405759996563,0.0,105.42268041237114,155.01134602637066,0.0,102.37931034482759,148.43810920335812,210.0,494.37113402061857,237.78348518083055,210.0,479.94594594594594,228.76998523081247,210.0,479.94594594594594,228.76998523081247,0.318499,0.0,0.0004363076923076931,0.000751853640967364,0.0,0.0005730927835051555,0.0008923454007379723,0.0,0.000541465517241381,0.0008425312837028612,0.0007410000000000472,0.0028894742268041266,0.0015985793829521463,0.0007410000000000472,0.002686261261261265,0.0016191276479057932,0.0007410000000000472,0.002686261261261265,0.0016191276479057932
2024-12-23 21:20:02,93753.0,68.0,94.84615384615384,148.73177544035784,68.0,106.12371134020619,154.68302655026227,68.0,102.08547008547009,147.83107628184206,278.0,491.74226804123714,238.75956692658215,278.0,478.14285714285717,228.53520465858162,278.0,478.14285714285717,228.53520465858162,0.318875,0.00037600000000004297,0.00046523076923077333,0.0007408218582365192,0.00037600000000004297,0.0005769690721649498,0.0008906450313958816,0.00037600000000004297,0.0005400512820512841,0.000839031285082672,0.0007410000000000472,0.002877010309278354,0.0016106482940033654,0.0007410000000000472,0.0026688928571428614,0.0016222646630761701,0.0007410000000000472,0.0026688928571428614,0.0016222646630761701
2024-12-23 21:25:02,93898.0,145.0,65.76923076923077,78.34874371057676,145.0,100.4639175257732,142.5139658255515,145.0,102.44915254237289,147.2509688246176,278.0,487.35051546391753,238.73254915443178,278.0,476.37168141592923,228.2903928697217,278.0,476.37168141592923,228.2903928697217,0.31971,0.0008349999999999747,0.00032538461538462055,0.0003743838356690289,0.0008349999999999747,0.0005496391752577331,0.0008396646799165204,0.0008349999999999747,0.000542550847457629,0.0008358791021797434,0.0012110000000000176,0.00284253608247423,0.0016101458918232631,0.0012110000000000176,0.002655991150442482,0.0016208190031562497,0.0012110000000000176,0.002655991150442482,0.0016208190031562497
2024-12-23 21:30:02,93898.0,0.0,65.76923076923077,78.34874371057676,0.0,100.4639175257732,142.5139658255515,0.0,101.58823529411765,146.92615531162593,272.0,482.89690721649487,238.67832626326808,272.0,474.57894736842104,228.08261563053082,272.0,474.57894736842104,228.08261563053082,0.31971,0.0,0.00032538461538462055,0.0003743838356690289,0.0,0.0005496391752577331,0.0008396646799165203,0.0,0.0005379915966386572,0.000833814346443838,0.0012110000000000176,0.002808061855670106,0.0016088971236431983,0.0012110000000000176,0.0026433157894736885,0.0016192966861577859,0.0012110000000000176,0.0026433157894736885,0.0016192966861577859
2024-12-23 21:35:02,94011.0,113.0,62.84615384615385,75.56326946544658,113.0,98.68041237113403,141.24473046156984,113.0,101.68333333333334,146.3112248250418,272.0,475.49484536082474,233.8730569005037,272.0,472.81739130434784,227.86444041065587,272.0,472.81739130434784,227.86444041065587,0.320412,0.0007019999999999804,0.0003243076923076964,0.0003731848033292549,0.0007019999999999804,0.0005318144329896915,0.000817366239437898,0.0007019999999999804,0.000539358333333335,0.0008304385071850209,0.001912999999999998,0.0027557628865979406,0.001553160257971334,0.001912999999999998,0.0026369652173913087,0.0016136166251048134,0.001912999999999998,0.0026369652173913087,0.0016136166251048134
2024-12-23 21:40:02,94011.0,0.0,62.84615384615385,75.56326946544658,0.0,98.68041237113403,141.24473046156984,0.0,100.84297520661157,145.99326515656253,258.0,467.9484536082474,228.8544557106665,258.0,470.9655172413793,227.74661477117533,258.0,470.9655172413793,227.74661477117533,0.320412,0.0,0.0003243076923076964,0.0003731848033292549,0.0,0.0005318144329896915,0.000817366239437898,0.0,0.0005349008264462827,0.0008284234465231603,0.001912999999999998,0.002703463917525775,0.0014934979987003627,0.001912999999999998,0.0026307241379310386,0.0016079911560767342,0.001912999999999998,0.0026307241379310386,0.0016079911560767342
2024-12-23 21:45:02,94025.0,14.0,52.15384615384615,71.4665961059736,14.0,96.47422680412372,140.87458168996642,14.0,100.1311475409836,145.6011733003579,272.0,460.64948453608247,223.58280723803398,272.0,469.2649572649573,227.50765023750955,272.0,469.2649572649573,227.50765023750955,0.32082,0.00040800000000001946,0.0002807692307692383,0.0003203467272207202,0.00040800000000001946,0.0005339175257731971,0.0008167762171858825,0.00040800000000001946,0.0005338606557377067,0.0008250731028525931,0.0023210000000000175,0.0026642886597938167,0.001452187078733622,0.0023210000000000175,0.0026280769230769274,0.0016013011904862007,0.0023210000000000175,0.0026280769230769274,0.0016013011904862007
2024-12-23 21:50:02,94025.0,0.0,52.15384615384615,71.4665961059736,0.0,96.47422680412372,140.87458168996642,0.0,99.3170731707317,145.28402465815591,272.0,453.35051546391753,217.93696724612798,272.0,467.59322033898303,227.26001664903256,272.0,467.59322033898303,227.26001664903256,0.32082,0.0,0.0002807692307692383,0.0003203467272207202,0.0,0.0005339175257731971,0.0008167762171858825,0.0,0.0005295203252032538,0.0008230934786423106,0.0019449999999999745,0.002621237113402064,0.0014099278998498158,0.0019449999999999745,0.0026222881355932245,0.0015956828460969685,0.0019449999999999745,0.0026222881355932245,0.0015956828460969685
2024-12-23 21:55:02,94275.0,250.0,61.53846153846154,88.28704641170506,250.0,96.52577319587628,140.930397476874,250.0,100.53225806451613,145.32360500094072,377.0,452.36082474226805,218.0647450475341,377.0,466.83193277310926,226.447334369038,377.0,466.83193277310926,226.447334369038,0.320793,2.6999999999999247e-05,0.0002706153846153905,0.00032655972870251145,2.6999999999999247e-05,0.0005241752577319597,0.0008171322313726882,2.6999999999999247e-05,0.0005254677419354857,0.000820981966424878,0.0011099999999999999,0.0026055154639175277,0.0014182506618586651,0.0011099999999999999,0.0026095798319327773,0.0015949433733946693,0.0011099999999999999,0.0026095798319327773,0.0015949433733946693
2024-12-23 22:00:02,94275.0,0.0,61.53846153846154,88.28704641170508,0.0,96.52577319587628,140.930397476874,0.0,99.728,145.01548170965702,377.0,451.37113402061857,218.18791211111798,377.0,466.0833333333333,225.6429314049018,377.0,466.0833333333333,225.6429314049018,0.320793,0.0,0.0002706153846153905,0.00032655972870251145,0.0,0.0005241752577319597,0.0008171322313726883,0.0,0.0005212640000000018,0.0008190144957557615,0.0011099999999999999,0.002589793814432992,0.0014263497842551356,0.0011099999999999999,0.0025970833333333375,0.0015941163753651383,0.0011099999999999999,0.0025970833333333375,0.0015941163753651383
2024-12-23 22:05:02,94223.0,52.0,65.07692307692308,86.78465833934546,52.0,94.79381443298969,140.42858046473376,52.0,99.34920634920636,144.49682722940693,264.0,446.9484536082474,217.5861597129409,264.0,464.41322314049586,225.45053668234664,264.0,464.41322314049586,225.45053668234664,0.321058,0.0002650000000000152,0.0002580000000000061,0.00032308048532834864,0.0002650000000000152,0.000520752577319589,0.0008175192407385051,0.0002650000000000152,0.0005192301587301606,0.0008160512646906286,0.0006460000000000354,0.0025802783505154666,0.0014362748673671696,0.0006460000000000354,0.0025809586776859546,0.001597338674153013,0.0006460000000000354,0.0025809586776859546,0.001597338674153013
2024-12-23 22:10:02,94223.0,0.0,65.07692307692308,86.78465833934547,0.0,94.79381443298969,140.42858046473376,0.0,98.56692913385827,144.1920341321309,264.0,442.5257731958763,216.89163446213493,264.0,462.7704918032787,225.248982051992,264.0,462.7704918032787,225.248982051992,0.321058,0.0,0.0002580000000000061,0.00032308048532834864,0.0,0.000520752577319589,0.0008175192407385051,0.0,0.0005151417322834664,0.0008141113348104277,0.0006460000000000354,0.002570762886597941,0.0014460685695273613,0.0006460000000000354,0.0025650983606557423,0.0016003415875546056,0.0006460000000000354,0.0025650983606557423,0.0016003415875546056
2024-12-23 22:15:02,94124.0,99.0,57.0,77.12651943397938,99.0,95.5360824742268,140.2566889266241,99.0,98.5703125,143.62323214751854,250.0,440.30927835051546,217.75642742258793,250.0,461.0406504065041,225.14281072076372,250.0,461.0406504065041,225.14281072076372,0.320713,0.0003449999999999842,0.00022753846153846278,0.00029080194158699586,0.0003449999999999842,0.0005155051546391769,0.0008169913316006797,0.0003449999999999842,0.0005138125000000017,0.0008110392744648124,0.0003449999999999842,0.00255814432989691,0.0014601727208742186,0.0003449999999999842,0.002547048780487809,0.0016062915280268392,0.0003449999999999842,0.002547048780487809,0.0016062915280268392
2024-12-23 22:20:02,94124.0,0.0,57.0,77.12651943397938,0.0,95.5360824742268,140.2566889266241,0.0,97.8062015503876,143.32410155392677,250.0,438.0927835051546,218.59509193532472,250.0,459.33870967741933,225.02523389111815,250.0,459.33870967741933,225.02523389111815,0.320713,0.0,0.00022753846153846278,0.0002908019415869959,0.0,0.0005155051546391769,0.0008169913316006797,0.0,0.0005098294573643427,0.0008091305820527267,0.0003449999999999842,0.0025455257731958796,0.00147403279088345,0.0003449999999999842,0.0025292903225806493,0.0016119244559261781,0.0003449999999999842,0.0025292903225806493,0.0016119244559261781
2024-12-23 22:25:02,94146.0,22.0,53.46153846153846,77.63334269137133,22.0,91.36082474226804,136.25781212825697,22.0,97.22307692307692,142.92222991687697,151.0,433.25773195876286,219.7136051749392,151.0,456.872,225.80651066358675,151.0,456.872,225.80651066358675,0.321105,0.00039199999999994795,0.0002287692307692247,0.00029151562389407855,0.00039199999999994795,0.0005192164948453621,0.000815588517406348,0.00039199999999994795,0.0005089230769230781,0.0008060545657889537,0.00039199999999994795,0.002540762886597941,0.0014802885049121036,0.00039199999999994795,0.002512192000000004,0.0016167530717758909,0.00039199999999994795,0.002512192000000004,0.0016167530717758909
2024-12-23 22:30:02,94146.0,0.0,42.30769230769231,73.70253796555518,0.0,91.36082474226804,136.257812128257,0.0,96.48091603053435,142.62464730058394,151.0,428.4226804123711,220.71945971505824,151.0,454.44444444444446,226.54622682553972,151.0,454.44444444444446,226.54622682553972,0.321105,0.0,0.00016453846153845743,0.00023290971619370618,0.0,0.0005192164948453621,0.000815588517406348,0.0,0.0005050381679389326,0.0008041785910009729,0.00039199999999994795,0.0025360000000000027,0.001486502473649696,0.00039199999999994795,0.0024953650793650825,0.0016213129474752245,0.00039199999999994795,0.0024953650793650825,0.0016213129474752245
2024-12-23 22:35:02,94199.0,53.0,46.38461538461539,72.6252234208135,53.0,87.8659793814433,132.76927268024494,53.0,96.15151515151516,142.129630372234,99.0,425.0412371134021,223.2395909072887,99.0,451.6456692913386,227.8391429070517,99.0,451.6456692913386,227.8391429070517,0.321879,0.0007740000000000524,0.000224076923076923,0.0002812547663413827,0.0007740000000000524,0.0004972577319587646,0.0007785448135029227,0.0007740000000000524,0.0005070757575757592,0.0008014453034173017,0.0011660000000000004,0.002509608247422683,0.00148787964032644,0.0011660000000000004,0.002484897637795279,0.0016191690394544095,0.0011660000000000004,0.002484897637795279,0.0016191690394544095
2024-12-23 22:40:02,94199.0,0.0,37.69230769230769,70.72527202184594,0.0,87.8659793814433,132.76927268024494,0.0,95.42857142857143,141.83549400381895,99.0,421.659793814433,225.68040116676144,99.0,448.890625,229.07091479693688,99.0,448.890625,229.07091479693688,0.321879,0.0,0.0001700769230769245,0.0002471745205108073,0.0,0.0004972577319587646,0.0007785448135029227,0.0,0.0005032631578947385,0.000799613551497495,0.0011660000000000004,0.0024832164948453634,0.0014887828867540594,0.0011660000000000004,0.0024745937500000033,0.0016169894181915086,0.0011660000000000004,0.0024745937500000033,0.0016169894181915086
2024-12-23 22:45:01,94099.0,100.0,45.38461538461539,71.71533827285306,100.0,88.63917525773196,132.61765103476753,100.0,95.46268656716418,141.30182364059092,100.0,418.2886597938144,228.0298755446169,100.0,446.1860465116279,230.23278869717726,100.0,446.1860465116279,230.23278869717726,0.322005,0.00012599999999995948,0.00017976923076922906,0.00024237338751266244,0.00012599999999995948,0.0004841752577319603,0.0007739506607108593,0.00012599999999995948,0.0005004477611940312,0.0007972682076910822,0.0012919999999999598,0.002452216494845363,0.001481870511569219,0.0012919999999999598,0.0024654263565891503,0.0016140226424178224,0.0012919999999999598,0.0024654263565891503,0.0016140226424178224
2024-12-23 22:50:02,94121.0,22.0,46.0,71.45744654454613,22.0,88.8659793814433,132.483224477823,22.0,94.91851851851852,140.9155061672982,100.0,414.91752577319585,230.30553393368797,100.0,443.5230769230769,231.339819024802,100.0,443.5230769230769,231.339819024802,0.321823,0.00018199999999995997,0.0001623846153846091,0.00023254481233429613,0.00018199999999995997,0.00048605154639175366,0.0007729846560995189,0.00018199999999995997,0.0004980888888888898,0.0007947604770749477,0.0012919999999999598,0.0024212164948453625,0.0014742672489720964,0.0012919999999999598,0.0024564000000000027,0.001611045164149733,0.0012919999999999598,0.0024564000000000027,0.001611045164149733
2024-12-23 22:55:02,94121.0,0.0,46.0,71.45744654454613,0.0,87.43298969072166,132.6868892054159,0.0,94.22058823529412,140.628361881867,100.0,410.7319587628866,232.3135235814558,100.0,440.90076335877865,232.39461978949748,100.0,440.90076335877865,232.39461978949748,0.321823,0.0,0.0001623846153846091,0.00023254481233429616,0.0,0.0004841340206185576,0.0007739668197677301,0.0,0.0004944264705882363,0.0007929625336285206,0.0009000000000000119,0.0023842577319587647,0.001466909082322067,0.0009000000000000119,0.002444519083969468,0.0016105877348210763,0.0009000000000000119,0.002444519083969468,0.0016105877348210763
2024-12-23 23:00:02,94297.0,176.0,40.30769230769231,54.876200997312445,176.0,89.24742268041237,132.6821884969113,176.0,94.81751824817518,140.28449135376246,198.0,407.55670103092785,233.10137141524953,198.0,439.06060606060606,232.46927918440187,198.0,439.06060606060606,232.46927918440187,0.322446,0.0006229999999999847,0.00020823076923076183,0.0002606783311050136,0.0006229999999999847,0.0004905567010309286,0.0007724909784946808,0.0006229999999999847,0.0004953649635036505,0.0007901182141254751,0.0013410000000000366,0.002351845360824744,0.001454691765319247,0.0013410000000000366,0.002436159090909094,0.001607301089183597,0.0013410000000000366,0.002436159090909094,0.001607301089183597
2024-12-23 23:05:02,94297.0,0.0,40.30769230769231,54.87620099731245,0.0,85.85567010309278,130.67955317706247,0.0,94.1304347826087,140.00442256241715,198.0,404.77319587628864,233.98248265782988,198.0,437.2481203007519,232.5284409458608,198.0,437.2481203007519,232.5284409458608,0.322446,0.0,0.00020823076923076183,0.0002606783311050136,0.0,0.00047098969072165067,0.0007604129428426456,0.0,0.0004917753623188414,0.0007883578610331655,0.0006229999999999847,0.0023224020618556724,0.001460531578882282,0.0006229999999999847,0.0024225263157894765,0.0016089014395248922,0.0006229999999999847,0.0024225263157894765,0.0016089014395248922
2024-12-23 23:10:02,94340.0,43.0,39.61538461538461,54.77307498753145,43.0,86.29896907216495,130.45802046287835,43.0,93.76258992805755,139.56363582759508,241.0,402.4329896907216,234.47818427381182,241.0,435.7835820895522,232.27214922881498,241.0,435.7835820895522,232.27214922881498,0.32271,0.00026399999999998647,0.00020815384615383654,0.0002606603301085729,0.00026399999999998647,0.0004737113402061866,0.0007591810823562194,0.00026399999999998647,0.0004901366906474827,0.000785733850663712,0.0008869999999999711,0.0022956804123711364,0.0014628597744543038,0.0008869999999999711,0.002411067164179107,0.0016083211075306907,0.0008869999999999711,0.002411067164179107,0.0016083211075306907
2024-12-23 23:15:02,94340.0,0.0,39.61538461538461,54.77307498753145,0.0,80.96907216494846,123.02781304853451,0.0,93.09285714285714,139.28630502944796,241.0,394.7628865979381,227.2812947463578,241.0,434.3407407407407,232.0102983742015,241.0,434.3407407407407,232.0102983742015,0.32271,0.0,0.00020815384615383654,0.0002606603301085729,0.0,0.00042518556701031014,0.0006242113913086802,0.0,0.00048663571428571507,0.0007839974967908424,0.0008869999999999711,0.002234814432989693,0.001395129797798825,0.0008869999999999711,0.00239977777777778,0.0016076687658521348,0.0008869999999999711,0.00239977777777778,0.0016076687658521348
